name_main,name_sub,true_label,cosine_similarity,confidence_ice,prob_similarity,confidence_sia,trust_gap,smiles_main,smiles_sub,mz_main,mz_sub,mass_diff,peaks_main,peaks_sub
MassSpecGymID0039738,MassSpecGymID0067621,1.0,0.9946621065814952,0.49466210658149523,0.1375899463891983,0.3624100536108017,0.8570721601922969,c1ccc2c(c1)[nH]c1ccncc12,Oc1cccc2nc3ccccc3nc12,169.076,197.0709,27.9949,"[(113.038, 0.00624543), (114.0456, 0.01434609), (115.0538, 0.16603959), (116.0555, 0.0174808), (117.0564, 0.01281472), (128.0485, 0.00872041), (129.056, 0.00829658), (140.0486, 0.18004582), (141.0561, 0.16804276999999998), (142.0636, 0.07989908), (143.0662, 0.0075009099999999995), (152.0481, 0.00914823), (166.0513, 0.008792379999999999), (167.0593, 0.05976738), (168.0673, 1.0), (169.0744, 0.5174268200000001), (170.0776, 0.044285750000000006)]","[(75.0223, 0.04804804804804805), (78.0331, 0.08708708708708708), (79.0412, 0.06006006006006006), (89.0384, 0.012012012012012012), (91.0541, 0.015015015015015015), (92.049, 0.037037037037037035), (95.0489, 0.16116116116116116), (96.044, 0.023023023023023025), (102.0337, 0.04804804804804805), (105.0444, 0.05205205205205205), (115.0543, 0.14114114114114115), (116.0499, 0.013013013013013013), (116.0574, 0.013013013013013013), (120.044, 0.01701701701701702), (125.0385, 0.01901901901901902), (128.0497, 0.018018018018018018), (129.045, 0.02902902902902903), (130.04, 0.03903903903903904), (140.049, 0.01001001001001001), (141.0571, 0.009009009009009009), (142.0655, 0.014014014014014014), (152.0493, 0.12512512512512514), (153.0447, 0.06406406406406406), (167.0603, 0.018018018018018018), (168.0679, 0.7867867867867868), (169.0755, 1.0), (170.06, 0.02902902902902903), (171.0558, 0.014014014014014014), (179.0601, 0.2772772772772773), (180.0632, 0.036036036036036036), (197.0708, 0.12212212212212212)]"
MassSpecGymID0029502,MassSpecGymID0067624,1.0,0.9949583808459443,0.49495838084594435,0.171436607837677,0.328563392162323,0.8235217730082673,c1ccc2c(c1)[nH]c1ncccc12,Oc1cccc2nc3ccccc3nc12,169.076,197.0709,27.9949,"[(113.038, 0.006006006006006006), (114.0456, 0.014014014014014014), (115.0538, 0.16516516516516516), (116.0555, 0.01701701701701702), (117.0564, 0.012012012012012012), (128.0485, 0.008008008008008008), (129.056, 0.008008008008008008), (140.0486, 0.17917917917917917), (141.0561, 0.16716716716716717), (142.0636, 0.07907907907907907), (143.0662, 0.007007007007007007), (152.0481, 0.009009009009009009), (166.0513, 0.008008008008008008), (167.0593, 0.05905905905905906), (168.0673, 1.0), (169.0744, 0.5165165165165165), (170.0776, 0.044044044044044044)]","[(61.0071, 0.0012239500000000001), (68.9977, 0.00105566), (74.0148, 0.00333527), (75.0223, 0.04831554), (76.0176, 0.008047490000000001), (76.0266, 0.00477342), (78.0331, 0.08728313), (79.0412, 0.060891650000000005), (80.045, 0.00324347), (81.0328, 0.00296809), (82.028, 0.00148404), (89.0384, 0.01248432), (90.0332, 0.00299868), (90.0467, 0.0025856), (91.0541, 0.01510052), (92.049, 0.03766715), (93.0331, 0.00142285), (95.0489, 0.16137817), (96.044, 0.02349989), (99.0228, 0.0036259599999999997), (100.0181, 0.00165234), (101.0391, 0.00374836), (102.0337, 0.04828494), (104.0487, 0.00388605), (105.0444, 0.052584070000000004), (106.0283, 0.00189713), (106.0482, 0.00374836), (107.0499, 0.00111686), (114.0467, 0.0058290699999999996), (115.0543, 0.14187142), (116.0499, 0.01375417), (116.0574, 0.01399896), (117.0576, 0.00429913), (119.0605, 0.00413084), (120.044, 0.017150639999999998), (120.0678, 0.00113216), (125.0385, 0.01976684), (126.0351, 0.0031975799999999998), (126.0419, 0.00286099), (127.0548, 0.00163704), (128.0497, 0.018405190000000002), (129.045, 0.029650259999999998), (130.04, 0.03994676), (133.0627, 0.00100976), (135.0803, 0.00107096), (138.0545, 0.00114746), (140.049, 0.0103883), (141.0571, 0.00937854), (142.0532, 0.00480401), (142.0655, 0.014503839999999999), (143.0486, 0.0015146399999999998), (143.0613, 0.00477342), (146.061, 0.00220311), (147.0561, 0.00203482), (148.0498, 0.00104036), (151.0416, 0.00483461), (152.0493, 0.12539396), (153.0447, 0.0646706), (154.0475, 0.00641045), (166.0525, 0.0026162000000000004), (167.0603, 0.0180533), (168.0679, 0.78738411), (169.0755, 1.0), (170.06, 0.02960436), (171.0558, 0.014228449999999998), (172.0622, 0.00119335), (177.043, 0.00209602), (178.0529, 0.00393195), (179.0601, 0.27825036000000003), (180.0632, 0.03676448), (196.0626, 0.00188183), (197.0708, 0.12213519)]"
MassSpecGymID0029510,MassSpecGymID0067621,1.0,0.9949583808459443,0.49495838084594435,0.1856769323348999,0.3143230676651001,0.8092814485110444,c1ccc2c(c1)[nH]c1ncccc12,Oc1cccc2nc3ccccc3nc12,169.076,197.0709,27.9949,"[(113.038, 0.00624543), (114.0456, 0.01434609), (115.0538, 0.16603959), (116.0555, 0.0174808), (117.0564, 0.01281472), (128.0485, 0.00872041), (129.056, 0.00829658), (140.0486, 0.18004582), (141.0561, 0.16804276999999998), (142.0636, 0.07989908), (143.0662, 0.0075009099999999995), (152.0481, 0.00914823), (166.0513, 0.008792379999999999), (167.0593, 0.05976738), (168.0673, 1.0), (169.0744, 0.5174268200000001), (170.0776, 0.044285750000000006)]","[(75.0223, 0.04804804804804805), (78.0331, 0.08708708708708708), (79.0412, 0.06006006006006006), (89.0384, 0.012012012012012012), (91.0541, 0.015015015015015015), (92.049, 0.037037037037037035), (95.0489, 0.16116116116116116), (96.044, 0.023023023023023025), (102.0337, 0.04804804804804805), (105.0444, 0.05205205205205205), (115.0543, 0.14114114114114115), (116.0499, 0.013013013013013013), (116.0574, 0.013013013013013013), (120.044, 0.01701701701701702), (125.0385, 0.01901901901901902), (128.0497, 0.018018018018018018), (129.045, 0.02902902902902903), (130.04, 0.03903903903903904), (140.049, 0.01001001001001001), (141.0571, 0.009009009009009009), (142.0655, 0.014014014014014014), (152.0493, 0.12512512512512514), (153.0447, 0.06406406406406406), (167.0603, 0.018018018018018018), (168.0679, 0.7867867867867868), (169.0755, 1.0), (170.06, 0.02902902902902903), (171.0558, 0.014014014014014014), (179.0601, 0.2772772772772773), (180.0632, 0.036036036036036036), (197.0708, 0.12212212212212212)]"
MassSpecGymID0227730,MassSpecGymID0230733,1.0,0.9577263823768108,0.45772638237681085,0.1871930360794067,0.31280696392059326,0.7705333462974041,CCc1ccc(C(=O)C(C)CN2CCCCC2)cc1,Cc1cc(C(=O)CN2CCCCC2)c(C)n1-c1ccc(Cl)cc1,260.20089,331.15717,70.95627999999999,"[(41.038567, 0.004), (42.033783, 0.009389999999999999), (44.049404, 0.0143), (55.054085, 0.04568), (56.049366, 0.0034300000000000003), (69.069664, 0.01748), (70.064926, 0.0872), (79.020988, 0.00619), (83.072823, 0.0035299999999999997), (96.080605, 0.00836), (98.096199, 1.0), (98.102821, 0.01353), (98.107796, 0.0129), (98.110985, 0.00931), (98.115448, 0.00328), (98.119888, 0.00233), (105.069504, 0.00158), (133.064697, 0.0095), (137.953995, 0.00233)]","[(42.033821, 0.00621), (44.049374, 0.01179), (55.054108, 0.039009999999999996), (69.069649, 0.01485), (70.064926, 0.06968), (86.096199, 0.0060999999999999995), (96.080887, 0.0066), (98.096245, 1.0), (98.102867, 0.011279999999999998), (169.08905, 0.01361), (204.057648, 0.01312), (218.073776, 0.03795), (246.068604, 0.01322)]"
MassSpecGymID0228246,MassSpecGymID0232298,1.0,0.8534921802422333,0.3534921802422333,0.0854770541191101,0.4145229458808899,0.7680151261231232,CN1CCC(c2c[nH]c3ccc(O)cc23)CC1,CNS(=O)(=O)CCc1ccc2[nH]cc(C3CCN(C)CC3)c2c1,231.14919,336.17402,105.02482999999998,"[(41.038712, 0.00246), (42.033791, 0.028679999999999997), (44.049412, 0.12428), (44.051659, 0.0044), (44.052689, 0.00335), (53.038483, 0.00402), (55.054096, 0.20283), (55.057259, 0.006790000000000001), (55.058739, 0.00453), (56.049355, 0.009519999999999999), (58.065102, 0.0023799999999999997), (67.053955, 0.00484), (69.069679, 0.024249999999999997), (70.064926, 0.33514000000000005), (70.069298, 0.0074399999999999996), (70.071823, 0.00544), (83.072784, 0.01076), (96.080582, 0.05405), (98.09623, 1.0), (98.103035, 0.016579999999999998), (98.107765, 0.01401), (98.111008, 0.0096), (98.11528, 0.00329), (104.930359, 0.00243), (122.059952, 0.06649), (122.070282, 0.0023599999999999997), (134.060059, 0.00853), (146.060013, 0.00688), (152.951187, 0.00368), (160.075668, 0.0066500000000000005), (172.075867, 0.00919), (185.083496, 0.0039000000000000003), (200.107376, 0.05634), (231.149887, 0.06708)]","[(42.033787, 0.01591), (44.049389, 0.04714), (55.054089, 0.06556000000000001), (56.049332, 0.00643), (58.064987, 0.0032500000000000003), (69.069656, 0.01127), (70.064888, 0.2238), (70.069443, 0.00387), (70.071808, 0.00482), (71.072723, 0.00524), (83.072838, 0.00521), (96.080521, 0.07417), (97.088364, 0.0032400000000000003), (98.096169, 1.0), (98.103203, 0.01073), (98.107719, 0.016739999999999998), (98.110924, 0.00963), (98.115379, 0.0043), (132.080704, 0.009649999999999999), (134.096344, 0.012450000000000001), (144.080719, 0.010860000000000002), (145.088486, 0.00381), (158.096054, 0.00265), (170.097076, 0.00211), (182.096436, 0.0034300000000000003), (184.112152, 0.01829), (197.066895, 0.00375), (197.973999, 0.00228), (198.127853, 0.00492), (210.128052, 0.04317), (227.085342, 0.01692), (239.154114, 0.00295), (241.170425, 0.03234), (305.132324, 0.00488), (336.174744, 0.033769999999999994)]"
MassSpecGymID0227729,MassSpecGymID0230734,1.0,0.9577263823768108,0.45772638237681085,0.2013009488582611,0.2986990511417389,0.7564254335185497,CCc1ccc(C(=O)C(C)CN2CCCCC2)cc1,Cc1cc(C(=O)CN2CCCCC2)c(C)n1-c1ccc(Cl)cc1,260.20089,331.15717,70.95627999999999,"[(42.034092, 0.00109), (55.05418, 0.00196), (70.064957, 0.00486), (98.096214, 1.0), (98.10289, 0.0137), (98.107811, 0.01341), (98.110893, 0.00877), (98.115662, 0.00364), (98.119606, 0.0022500000000000003), (137.954468, 0.00713), (260.201508, 0.00318)]","[(98.096199, 1.0), (98.102997, 0.01427), (98.107758, 0.01505), (98.110756, 0.01004), (246.068451, 0.01284), (331.158051, 0.03579)]"
MassSpecGymID0228244,MassSpecGymID0232296,1.0,0.8534921802422333,0.3534921802422333,0.1049316599965095,0.3950683400034905,0.7485605202457237,CN1CCC(c2c[nH]c3ccc(O)cc23)CC1,CNS(=O)(=O)CCc1ccc2[nH]cc(C3CCN(C)CC3)c2c1,231.14919,336.17402,105.02482999999998,"[(41.03854, 0.0127), (42.033791, 0.12958999999999998), (44.049438, 0.37016), (44.052723, 0.00799), (53.038506, 0.02112), (55.050632, 0.00622), (55.054119, 1.0), (55.05722, 0.02384), (55.058849, 0.01972), (55.060368, 0.01102), (56.049374, 0.028980000000000002), (57.057217, 0.00571), (58.065002, 0.01167), (67.054001, 0.017669999999999998), (68.04937, 0.013600000000000001), (69.069687, 0.07371), (70.064957, 0.8737699999999999), (70.069153, 0.01184), (70.071922, 0.016479999999999998), (74.930809, 0.00668), (79.054108, 0.0070999999999999995), (81.057281, 0.00724), (82.065002, 0.01373), (83.0728, 0.051609999999999996), (94.064972, 0.01698), (95.049194, 0.00586), (96.080635, 0.1318), (98.096283, 0.90807), (98.102867, 0.01004), (106.065224, 0.005540000000000001), (122.060013, 0.14429999999999998), (134.059937, 0.01694), (146.060059, 0.02093), (160.076019, 0.00676), (172.076157, 0.01498), (184.07608, 0.01169), (185.083771, 0.0096), (200.107513, 0.0218), (231.149857, 0.00912)]","[(42.033794, 0.06389), (44.049442, 0.13631000000000001), (53.038502, 0.0076), (55.054131, 0.35774), (55.057175, 0.00959), (55.058853, 0.0062900000000000005), (56.049393, 0.01914), (58.064995, 0.01019), (62.018326, 0.004699999999999999), (67.054024, 0.00701), (68.049294, 0.006520000000000001), (69.069717, 0.03451), (70.064957, 0.59693), (70.069267, 0.00792), (70.071922, 0.010169999999999998), (71.072815, 0.00995), (79.054039, 0.005), (82.064964, 0.01203), (83.072815, 0.02313), (86.034531, 0.00416), (94.065125, 0.00643), (96.080643, 0.15451), (97.088448, 0.00681), (98.096298, 1.0), (98.102852, 0.012190000000000001), (98.107887, 0.011009999999999999), (98.111168, 0.00808), (101.949829, 0.0055000000000000005), (125.046158, 0.0038900000000000002), (130.065231, 0.018000000000000002), (132.08075, 0.044109999999999996), (134.096451, 0.03693), (143.072632, 0.00411), (144.080917, 0.030459999999999997), (145.088654, 0.00453), (156.081009, 0.01711), (158.096909, 0.0069099999999999995), (168.08136, 0.005829999999999999), (170.096695, 0.00947), (181.089661, 0.00418), (182.096619, 0.01417), (183.104141, 0.00373), (184.112366, 0.02088), (185.12059, 0.00462), (195.104416, 0.00739), (196.112198, 0.00464), (197.120316, 0.00378), (198.127945, 0.0074199999999999995), (210.128357, 0.046639999999999994), (214.147156, 0.01053), (227.085709, 0.009250000000000001), (241.170837, 0.028919999999999998)]"
MassSpecGymID0222232,MassSpecGymID0227730,1.0,0.9966403349232686,0.49664033492326864,0.2621001899242401,0.2378998100757599,0.7345401449990285,C(#Cc1nc2ncccc2nc1OCCN1CCCC1)c1ccccc1,CCc1ccc(C(=O)C(C)CN2CCCCC2)cc1,345.17099,260.20089,84.9701,"[(41.038589, 0.00294), (42.033772, 0.0027900000000000004), (44.049381, 0.02226), (55.05407, 0.056440000000000004), (56.04932, 0.1841), (56.052498, 0.00505), (56.054127, 0.0037099999999999998), (69.069626, 0.03249), (70.064911, 0.01502), (78.033615, 0.0028599999999999997), (81.069435, 0.0023), (96.080505, 0.0124), (98.096169, 1.0), (98.102974, 0.01706), (98.107727, 0.01544), (98.110825, 0.008369999999999999), (98.115456, 0.00424), (246.103592, 0.0024), (274.097687, 0.0037099999999999998)]","[(41.038567, 0.004), (42.033783, 0.009389999999999999), (44.049404, 0.0143), (55.054085, 0.04568), (56.049366, 0.0034300000000000003), (69.069664, 0.01748), (70.064926, 0.0872), (79.020988, 0.00619), (83.072823, 0.0035299999999999997), (96.080605, 0.00836), (98.096199, 1.0), (98.102821, 0.01353), (98.107796, 0.0129), (98.110985, 0.00931), (98.115448, 0.00328), (98.119888, 0.00233), (105.069504, 0.00158), (133.064697, 0.0095), (137.953995, 0.00233)]"
MassSpecGymID0222803,MassSpecGymID0229083,1.0,0.8877516750878811,0.3877516750878811,0.1985358148813247,0.3014641851186753,0.6892158602065563,O=C1NCC2(CCN(CCc3ccccc3)CC2)O1,CC(Nc1cc(=O)n(C(C)C)c(=O)[nH]1)c1ccccc1,261.15975,274.155,12.995249999999999,"[(42.03373, 0.00207), (51.022938, 0.00243), (53.03846, 0.0023599999999999997), (55.054047, 0.00165), (56.049477, 0.0012900000000000001), (61.010353, 0.00209), (67.054001, 0.005), (68.049423, 0.0012900000000000001), (77.038437, 0.014070000000000001), (79.021019, 0.00322), (79.053986, 0.12969), (79.059273, 0.00218), (79.062172, 0.0017100000000000001), (81.057014, 0.00219), (82.064888, 0.009260000000000001), (84.080582, 0.00797), (94.064873, 0.00222), (95.048927, 0.03925), (96.080544, 0.0446), (103.054024, 0.08907999999999999), (103.061165, 0.00156), (105.044426, 0.00645), (105.053001, 0.00379), (105.069641, 1.0), (105.076912, 0.01737), (105.082413, 0.00959), (105.086159, 0.00903), (105.091042, 0.0042), (105.095428, 0.00194), (110.060112, 0.00136), (124.936684, 0.0013700000000000001), (134.096313, 0.0031), (139.086639, 0.0031), (146.096786, 0.0015), (146.956802, 0.0013), (154.946594, 0.0015), (169.09726, 0.02255), (200.143646, 0.00294), (261.16095, 0.00165)]","[(61.010509, 0.01667), (68.012894, 0.09087999999999999), (72.936897, 0.01224), (79.054016, 0.06567), (85.039459, 0.35009999999999997), (85.045677, 0.013859999999999999), (90.947762, 0.01291), (95.048935, 0.02182), (103.054146, 0.054880000000000005), (105.069748, 1.0), (105.077209, 0.01744), (111.018837, 0.02418), (118.924881, 0.01188), (128.045364, 0.27629000000000004)]"
MassSpecGymID0215834,MassSpecGymID0220852,1.0,0.8614071323953958,0.3614071323953958,0.1777779310941696,0.3222220689058304,0.6836292013012262,COc1ccc(C(CNC(=O)c2cccc(OC)c2)c2c[nH]c3ccccc23)cc1,O=C(NC1CCN(Cc2ccc3c(c2)OCO3)CC1)c1cc(=O)c2cc(F)ccc2o1,401.18597,425.15073,23.964760000000012,"[(51.022896, 0.00219), (53.038311, 0.01006), (77.038223, 0.02322), (79.053795, 0.02396), (92.025269, 0.0354), (95.048721, 0.09147), (95.055557, 0.00196), (105.04425, 0.03778), (107.048691, 0.08671), (121.064293, 0.00314), (125.059219, 0.36631), (125.06926, 0.00418), (125.075798, 0.0049499999999999995), (125.080528, 0.00381), (133.064377, 0.01637), (135.030228, 0.0046500000000000005), (135.043594, 1.0), (135.054825, 0.09169000000000001), (135.063492, 0.0097), (135.068085, 0.00866), (135.075089, 0.0033900000000000002), (135.08075, 0.00242), (136.047012, 0.0039700000000000004), (158.05925, 0.00168)]","[(51.022823, 0.006), (53.038349, 0.00202), (58.960178, 0.00757), (67.054153, 0.00185), (77.038338, 0.0139), (79.053833, 0.03952), (95.048767, 0.030369999999999998), (105.033096, 0.018420000000000002), (105.044243, 0.00685), (107.049255, 0.0017299999999999998), (135.019302, 0.00434), (135.04364, 1.0), (135.053787, 0.01627), (135.062057, 0.009729999999999999), (135.067947, 0.00889), (135.074722, 0.00316), (136.973969, 0.008159999999999999), (138.969604, 0.00232), (154.984497, 0.00812), (156.980453, 0.00229)]"
MassSpecGymID0230063,MassSpecGymID0236285,1.0,0.9933930747887996,0.49339307478879957,0.3226601183414459,0.17733988165855408,0.6707329564473536,Nc1nc2cc(-c3ccc4ncc(C(=O)N5CCOCC5)n4c3)ccc2o1,Cc1nc(N2CCC(O)C2)ncc1-c1cc(C(F)(F)F)cc2[nH]ncc12,364.14042,364.13797,0.0024500000000102773,"[(40.458897, 0.020470000000000002), (40.461094, 0.01497), (114.054779, 0.01171), (277.072327, 0.07565000000000001), (364.032135, 0.00603), (364.140076, 1.0), (364.222839, 0.0054), (364.248199, 0.00657)]","[(40.46051, 0.02144), (203.930923, 0.02052), (346.128052, 0.05239), (364.137848, 1.0)]"
MassSpecGymID0227730,MassSpecGymID0234032,1.0,0.9537556337206704,0.4537556337206704,0.2883808016777038,0.2116191983222962,0.6653748320429667,CCc1ccc(C(=O)C(C)CN2CCCCC2)cc1,COc1cc(-n2cnc3cc(-c4ccc(Cl)cc4)sc3c2=O)ccc1OCCN1CCCC1,260.20089,482.12997,221.92908,"[(41.038567, 0.004), (42.033783, 0.009389999999999999), (44.049404, 0.0143), (55.054085, 0.04568), (56.049366, 0.0034300000000000003), (69.069664, 0.01748), (70.064926, 0.0872), (79.020988, 0.00619), (83.072823, 0.0035299999999999997), (96.080605, 0.00836), (98.096199, 1.0), (98.102821, 0.01353), (98.107796, 0.0129), (98.110985, 0.00931), (98.115448, 0.00328), (98.119888, 0.00233), (105.069504, 0.00158), (133.064697, 0.0095), (137.953995, 0.00233)]","[(42.033775, 0.015189999999999999), (44.049416, 0.027759999999999996), (55.054092, 0.11124), (56.049347, 0.40615), (58.065079, 0.010129999999999998), (68.049332, 0.01085), (69.057182, 0.00932), (69.069656, 0.06645), (70.064911, 0.55891), (71.072746, 0.36514), (72.080635, 0.01809), (82.065041, 0.00997), (84.080582, 0.303), (96.080544, 0.05061), (97.088295, 0.01233), (98.096214, 1.0), (98.102867, 0.01018), (121.064621, 0.01268), (219.999222, 0.012589999999999999), (244.993896, 0.017589999999999998)]"
MassSpecGymID0234615,MassSpecGymID0238198,1.0,0.9677999317820408,0.4677999317820408,0.3033744692802429,0.19662553071975708,0.6644254625017979,C=CC(=O)Nc1cc2c(Nc3ccc(OCc4ccccn4)c(Cl)c3)ncnc2cc1OCCN1CCOCC1,O=[N+]([O-])c1cncn1CCN1CCOCC1,561.20116,227.11387,334.08728999999994,"[(114.091194, 1.0), (114.099342, 0.01753), (114.109634, 0.00874), (561.205078, 0.00461)]","[(42.033947, 0.0023), (70.064934, 0.012969999999999999), (84.080574, 0.0054600000000000004), (100.075539, 0.01472), (114.091202, 1.0), (114.099365, 0.01309), (114.105705, 0.011659999999999998), (114.109863, 0.00958), (167.003952, 0.00336), (227.114639, 0.00672)]"
MassSpecGymID0029505,MassSpecGymID0039737,1.0,0.9983453285452312,0.49834532854523117,0.3545416891574859,0.1454583108425141,0.6438036393877453,c1ccc2c(c1)[nH]c1ncccc12,c1ccc2c(c1)[nH]c1ccncc12,169.076,169.076,0.0,"[(113.0381, 0.04004004004004004), (114.0338, 0.011011011011011011), (114.0459, 0.08008008008008008), (115.0538, 0.2682682682682683), (116.0507, 0.03303303303303303), (117.0568, 0.042042042042042045), (125.0376, 0.006006006006006006), (128.0486, 0.02902902902902903), (129.0444, 0.012012012012012012), (129.0562, 0.009009009009009009), (139.0412, 0.009009009009009009), (140.0488, 0.9079079079079079), (141.0561, 0.5275275275275275), (142.0533, 0.08208208208208208), (142.0595, 0.07307307307307308), (143.0582, 0.011011011011011011), (152.0484, 0.008008008008008008), (153.0436, 0.006006006006006006), (165.043, 0.005005005005005005), (166.0518, 0.04904904904904905), (167.0593, 0.16716716716716717), (168.0674, 1.0), (169.0731, 0.20520520520520522), (170.0768, 0.024024024024024024)]","[(113.0381, 0.04100408), (114.0338, 0.0115902), (114.0459, 0.08053086999999999), (115.0538, 0.26862839), (116.0507, 0.03401393), (117.0568, 0.042721600000000005), (125.0376, 0.00661782), (128.0486, 0.02949796), (129.0444, 0.012262789999999999), (129.0562, 0.009596440000000001), (139.0412, 0.00941629), (140.0488, 0.90793899), (141.0561, 0.52803267), (142.0533, 0.08232044), (142.0595, 0.07338458), (143.0582, 0.01160221), (152.0484, 0.008011049999999999), (153.0436, 0.0060773500000000005), (165.043, 0.00584915), (166.0518, 0.04942349), (167.0593, 0.16814796999999998), (168.0674, 1.0), (169.0731, 0.20595724), (170.0768, 0.02416527)]"
MassSpecGymID0029510,MassSpecGymID0039729,1.0,0.9983453285452312,0.49834532854523117,0.356594830751419,0.143405169248581,0.6417504977938122,c1ccc2c(c1)[nH]c1ncccc12,c1ccc2c(c1)[nH]c1ccncc12,169.076,169.076,0.0,"[(113.038, 0.00624543), (114.0456, 0.01434609), (115.0538, 0.16603959), (116.0555, 0.0174808), (117.0564, 0.01281472), (128.0485, 0.00872041), (129.056, 0.00829658), (140.0486, 0.18004582), (141.0561, 0.16804276999999998), (142.0636, 0.07989908), (143.0662, 0.0075009099999999995), (152.0481, 0.00914823), (166.0513, 0.008792379999999999), (167.0593, 0.05976738), (168.0673, 1.0), (169.0744, 0.5174268200000001), (170.0776, 0.044285750000000006)]","[(113.038, 0.006006006006006006), (114.0456, 0.014014014014014014), (115.0538, 0.16516516516516516), (116.0555, 0.01701701701701702), (117.0564, 0.012012012012012012), (128.0485, 0.008008008008008008), (129.056, 0.008008008008008008), (140.0486, 0.17917917917917917), (141.0561, 0.16716716716716717), (142.0636, 0.07907907907907907), (143.0662, 0.007007007007007007), (152.0481, 0.009009009009009009), (166.0513, 0.008008008008008008), (167.0593, 0.05905905905905906), (168.0673, 1.0), (169.0744, 0.5165165165165165), (170.0776, 0.044044044044044044)]"
MassSpecGymID0227731,MassSpecGymID0230735,1.0,0.9577263823768108,0.45772638237681085,0.3226663470268249,0.1773336529731751,0.635060035349986,CCc1ccc(C(=O)C(C)CN2CCCCC2)cc1,Cc1cc(C(=O)CN2CCCCC2)c(C)n1-c1ccc(Cl)cc1,260.20089,331.15717,70.95627999999999,"[(70.064835, 0.00153), (98.096031, 1.0), (98.103134, 0.02086), (98.107506, 0.0177), (98.110802, 0.0095), (98.115112, 0.00415), (98.119621, 0.00223), (137.954025, 0.00417), (155.964737, 0.0023699999999999997), (181.944107, 0.00207), (199.955032, 0.0028100000000000004), (260.201172, 0.058730000000000004)]","[(98.095993, 1.0), (98.103188, 0.02283), (98.107231, 0.01447), (331.157104, 0.34879)]"
MassSpecGymID0231105,MassSpecGymID0231641,1.0,0.8530408800612962,0.3530408800612962,0.2208865880966186,0.2791134119033814,0.6321542919646777,CNc1nnc(SCc2ccccc2)s1,CC(C)CC(NC(=O)C1CCCN1C(=O)OCc1ccccc1)C(=O)O,238.04671,363.19145,125.14473999999998,"[(44.979267, 0.0028299999999999996), (57.044598, 0.01391), (62.005791, 0.01118), (63.023045, 0.00124), (65.038445, 0.0489), (73.993141, 0.005869999999999999), (74.005745, 0.00379), (89.016548, 0.0018), (91.054039, 1.0), (91.060043, 0.01188), (91.0644, 0.01291), (91.067215, 0.00958), (91.071358, 0.0039900000000000005), (91.078972, 0.0013800000000000002), (106.064735, 0.00104), (146.992401, 0.00099)]","[(63.023132, 0.0013900000000000002), (65.038437, 0.01876), (68.049286, 0.00786), (70.064941, 0.11094), (70.069374, 0.00147), (86.096268, 0.0076100000000000004), (91.054039, 1.0), (91.060036, 0.012729999999999998), (91.064354, 0.01344), (91.067352, 0.00846), (91.071121, 0.0037199999999999998), (91.075188, 0.0023799999999999997), (114.054787, 0.00256), (124.112083, 0.0013800000000000002), (125.070961, 0.00426), (141.065857, 0.0066500000000000005), (153.138794, 0.00169), (160.097092, 0.00136), (160.112198, 0.032440000000000004), (270.160736, 0.00202), (287.188141, 0.00151)]"
MassSpecGymID0222234,MassSpecGymID0227731,1.0,0.9966403349232686,0.49664033492326864,0.3720329105854034,0.1279670894145966,0.6246074243378652,C(#Cc1nc2ncccc2nc1OCCN1CCCC1)c1ccccc1,CCc1ccc(C(=O)C(C)CN2CCCCC2)cc1,345.17099,260.20089,84.9701,"[(56.049419, 0.00434), (98.096191, 1.0), (98.102982, 0.01758), (98.107742, 0.01546), (98.110924, 0.00927), (98.115311, 0.00365), (98.119545, 0.00196), (274.097656, 0.00306), (345.171875, 0.011399999999999999)]","[(70.064835, 0.00153), (98.096031, 1.0), (98.103134, 0.02086), (98.107506, 0.0177), (98.110802, 0.0095), (98.115112, 0.00415), (98.119621, 0.00223), (137.954025, 0.00417), (155.964737, 0.0023699999999999997), (181.944107, 0.00207), (199.955032, 0.0028100000000000004), (260.201172, 0.058730000000000004)]"
MassSpecGymID0221715,MassSpecGymID0231105,1.0,0.9199326076430672,0.41993260764306717,0.2955175340175628,0.2044824659824372,0.6244150736255043,NC(=O)c1ncn(C2OC(CNCc3ccccc3)C(O)C2O)c1N,CNc1nnc(SCc2ccccc2)s1,348.16663,238.04671,110.11992000000001,"[(44.04945, 0.00151), (55.017769, 0.00164), (55.029053, 0.0016200000000000001), (60.044193, 0.00507), (65.038406, 0.00795), (69.033264, 0.0034799999999999996), (72.044151, 0.00515), (84.055359, 0.0017299999999999998), (85.028084, 0.0028799999999999997), (91.05397, 1.0), (91.060043, 0.01337), (91.064316, 0.014539999999999999), (91.06707, 0.009300000000000001), (91.070999, 0.0033900000000000002), (91.07476, 0.0019), (96.044411, 0.00216), (96.055435, 0.0027700000000000003), (105.069649, 0.005410000000000001), (106.064835, 0.00222), (110.034698, 0.06929), (117.069557, 0.00203), (120.055237, 0.00291), (120.080566, 0.02257), (124.050224, 0.00232), (127.061264, 0.00392), (128.045303, 0.08891), (129.069626, 0.00376), (133.064774, 0.0020599999999999998), (138.066147, 0.00296), (140.045471, 0.0040999999999999995), (148.050629, 0.00221), (157.064728, 0.00172), (166.061172, 0.00938), (176.045609, 0.00345), (222.07579, 0.0018), (222.114182, 0.00229)]","[(44.979267, 0.0028299999999999996), (57.044598, 0.01391), (62.005791, 0.01118), (63.023045, 0.00124), (65.038445, 0.0489), (73.993141, 0.005869999999999999), (74.005745, 0.00379), (89.016548, 0.0018), (91.054039, 1.0), (91.060043, 0.01188), (91.0644, 0.01291), (91.067215, 0.00958), (91.071358, 0.0039900000000000005), (91.078972, 0.0013800000000000002), (106.064735, 0.00104), (146.992401, 0.00099)]"
MassSpecGymID0212470,MassSpecGymID0215828,1.0,0.9123970694754896,0.4123970694754896,0.3106132447719574,0.1893867552280426,0.6017838247035322,CS(=O)(=O)N1CCCN(C(=O)c2ccccc2F)CC1,O=C(NCC(c1ccccc1)c1c[nH]c2ccccc12)c1ccccc1F,301.10167,359.15542,58.05374999999998,"[(45.986992, 0.00178), (46.994797, 0.00466), (51.02272, 0.00317), (55.934132, 0.00404), (61.01033, 0.0063), (62.01815, 0.01336), (65.038208, 0.0020399999999999997), (71.028793, 0.0019), (71.928925, 0.00132), (72.936699, 0.00203), (75.022636, 0.00762), (79.020859, 0.0060999999999999995), (90.947235, 0.00335), (93.033119, 0.00489), (95.028877, 0.00888), (98.083519, 0.00378), (111.043663, 0.00201), (113.039291, 0.042190000000000005), (118.924469, 0.0028000000000000004), (121.039192, 0.0059), (123.023689, 1.0), (123.034035, 0.11405), (123.040871, 0.01098), (123.044632, 0.01394), (123.050934, 0.00439), (123.055771, 0.00242), (123.062584, 0.00155), (123.938339, 0.0011899999999999999), (124.026443, 0.0010299999999999999), (134.95575, 0.0054600000000000004), (136.935104, 0.00121), (137.953918, 0.0027900000000000004), (150.950668, 0.0034300000000000003), (152.966278, 0.00127)]","[(61.010349, 0.00161), (75.022644, 0.0028899999999999998), (77.038406, 0.00196), (86.0961, 0.0032), (91.053909, 0.00672), (92.049126, 0.00193), (95.029083, 0.00332), (95.048851, 0.00561), (103.053894, 0.32321), (103.061806, 0.00421), (103.066147, 0.00458), (103.069855, 0.00338), (105.044548, 0.00199), (113.039467, 0.01393), (115.053932, 0.02044), (118.064842, 0.02612), (123.023796, 1.0), (123.034142, 0.05792), (123.040955, 0.00876), (123.04483, 0.0111), (123.050957, 0.00335), (123.056488, 0.00246), (124.027, 0.00184), (130.029053, 0.0017000000000000001), (140.050064, 0.00228), (142.064987, 0.06563), (143.072464, 0.00345), (144.080368, 0.00158), (160.075729, 0.00503), (178.077759, 0.00736), (179.085907, 0.00229), (185.071014, 0.00469), (186.074173, 0.0070599999999999994), (189.074112, 0.0028199999999999996), (193.101349, 0.00249), (202.077942, 0.0059099999999999995), (203.085419, 0.01146), (204.080872, 0.03207), (205.088593, 0.04632), (218.096588, 0.01188), (219.104034, 0.01121), (220.112289, 0.06787)]"
MassSpecGymID0216255,MassSpecGymID0217467,1.0,0.9817627782234468,0.4817627782234468,0.3822085559368133,0.1177914440631867,0.5995542222866335,CCC(C)C(NC(=O)Cn1nc2c(cc1=O)CCCC2)C(=O)O,CC(C)CC(NC(=O)Cn1nc2c(cc1=O)CCCC2)C(=O)O,322.17613,322.17613,0.0,"[(40.770481, 0.00192), (40.772648, 0.0017000000000000001), (43.029217, 0.0020499999999999997), (44.04961, 0.00095), (67.054283, 0.00133), (79.054283, 0.01141), (80.049576, 0.0034699999999999996), (81.069809, 0.00101), (91.054321, 0.00991), (92.049622, 0.0029), (92.062241, 0.0017100000000000001), (93.057388, 0.00132), (93.070076, 0.00557), (94.065208, 0.00676), (95.049347, 0.00136), (103.054817, 0.00147), (105.04496, 0.00131), (105.069962, 0.0013800000000000002), (106.065231, 0.0168), (107.060471, 0.004), (107.073128, 0.00628), (107.085732, 0.00213), (108.08091, 0.00886), (109.067474, 0.00091), (109.076187, 0.00753), (116.049545, 0.00159), (117.057312, 0.00115), (118.065254, 0.01692), (119.049973, 0.0013700000000000001), (119.060402, 0.001), (120.044884, 0.00251), (120.057159, 0.014410000000000001), (120.067322, 0.00126), (120.08094, 0.00542), (124.075424, 0.00098), (133.076523, 0.00226), (134.060226, 0.02483), (134.071472, 0.0014099999999999998), (135.05722, 0.0014099999999999998), (135.068054, 0.05157), (135.082321, 0.00172), (135.091888, 0.14564), (136.075943, 0.01209), (146.060226, 0.00804), (148.063705, 0.0011799999999999998), (151.086914, 0.00685), (152.071289, 0.00095), (163.054413, 0.00733), (163.061874, 0.00506), (163.086838, 1.0), (163.112488, 0.00532), (163.118912, 0.00637), (163.128418, 0.00229), (164.090424, 0.00202), (181.078491, 0.00107), (181.09758, 0.0446), (181.116196, 0.00123), (191.06189, 0.00127), (191.081787, 0.02888), (195.112381, 0.00094), (204.113876, 0.00376)]","[(40.770206, 0.0013900000000000002), (40.772388, 0.0025900000000000003), (43.028854, 0.00248), (44.04929, 0.0014000000000000002), (67.054001, 0.00101), (79.05381, 0.011000000000000001), (80.048988, 0.00385), (81.069572, 0.00099), (82.064667, 0.0010199999999999999), (91.053825, 0.00986), (92.049095, 0.00265), (92.061684, 0.00187), (93.056763, 0.0017299999999999998), (93.069412, 0.00569), (94.064651, 0.0076300000000000005), (95.048729, 0.00157), (103.053825, 0.00179), (105.044312, 0.00109), (105.06971, 0.0013), (106.064667, 0.017490000000000002), (107.059898, 0.0033), (107.072472, 0.0057599999999999995), (107.085144, 0.00166), (108.080292, 0.00821), (109.075539, 0.00769), (116.048866, 0.0015), (117.056831, 0.00121), (118.064621, 0.01724), (119.049042, 0.00147), (120.044151, 0.0032600000000000003), (120.05645, 0.01466), (120.0802, 0.00579), (122.059158, 0.00098), (130.06459, 0.0016), (133.075806, 0.00226), (134.05957, 0.025550000000000003), (134.072006, 0.0018), (135.067383, 0.052140000000000006), (135.091171, 0.15285), (135.102264, 0.00294), (135.109833, 0.00227), (135.115387, 0.00122), (136.075165, 0.01361), (146.059586, 0.00872), (148.06279, 0.0013700000000000001), (151.086029, 0.005699999999999999), (163.053619, 0.00424), (163.068253, 0.00338), (163.085983, 1.0), (163.10022, 0.01809), (163.110565, 0.01107), (163.117783, 0.0086), (163.127563, 0.00395), (163.136169, 0.00154), (163.145248, 0.00145), (164.089371, 0.0017699999999999999), (181.078812, 0.00111), (181.096634, 0.03618), (191.080933, 0.028990000000000002), (204.112442, 0.0019)]"
MassSpecGymID0220852,MassSpecGymID0237309,1.0,0.9488782722784588,0.4488782722784588,0.3593370616436004,0.1406629383563996,0.5895412106348583,O=C(NC1CCN(Cc2ccc3c(c2)OCO3)CC1)c1cc(=O)c2cc(F)ccc2o1,Clc1ccc2ncnc(NCc3ccc4c(c3)OCO4)c2c1,425.15073,314.06908,111.08165000000002,"[(51.022823, 0.006), (53.038349, 0.00202), (58.960178, 0.00757), (67.054153, 0.00185), (77.038338, 0.0139), (79.053833, 0.03952), (95.048767, 0.030369999999999998), (105.033096, 0.018420000000000002), (105.044243, 0.00685), (107.049255, 0.0017299999999999998), (135.019302, 0.00434), (135.04364, 1.0), (135.053787, 0.01627), (135.062057, 0.009729999999999999), (135.067947, 0.00889), (135.074722, 0.00316), (136.973969, 0.008159999999999999), (138.969604, 0.00232), (154.984497, 0.00812), (156.980453, 0.00229)]","[(51.023026, 0.00647), (53.038513, 0.0040100000000000005), (58.960506, 0.0027400000000000002), (67.054115, 0.00442), (77.038528, 0.01621), (79.021408, 0.00261), (79.0541, 0.08842), (95.049034, 0.06937), (105.033424, 0.03712), (105.044601, 0.01188), (107.049286, 0.00294), (135.044113, 1.0), (135.063324, 0.00822), (135.06839, 0.00842), (135.07489, 0.00357)]"
MassSpecGymID0207856,MassSpecGymID0230733,1.0,0.8800151060435576,0.3800151060435576,0.2927140593528747,0.2072859406471253,0.587301046690683,O=C(CN1CCCCC1)Nc1cccc2c1C(=O)c1ccccc1-2,Cc1cc(C(=O)CN2CCCCC2)c(C)n1-c1ccc(Cl)cc1,321.15975,331.15717,9.997420000000034,"[(41.038456, 0.00458), (42.033691, 0.00998), (44.049294, 0.014070000000000001), (55.053944, 0.047619999999999996), (55.057171, 0.0015), (56.049206, 0.00377), (67.053947, 0.00132), (69.069458, 0.019450000000000002), (70.064713, 0.08682000000000001), (70.071419, 0.0021), (83.072563, 0.00451), (96.08033, 0.00987), (98.087738, 0.0048), (98.095963, 1.0), (98.103432, 0.01991), (98.107323, 0.01965), (98.110779, 0.009260000000000001), (98.115173, 0.00395), (98.119736, 0.0028499999999999997), (126.091011, 0.0016)]","[(42.033821, 0.00621), (44.049374, 0.01179), (55.054108, 0.039009999999999996), (69.069649, 0.01485), (70.064926, 0.06968), (86.096199, 0.0060999999999999995), (96.080887, 0.0066), (98.096245, 1.0), (98.102867, 0.011279999999999998), (169.08905, 0.01361), (204.057648, 0.01312), (218.073776, 0.03795), (246.068604, 0.01322)]"
MassSpecGymID0222233,MassSpecGymID0227728,1.0,0.9966403349232686,0.49664033492326864,0.4097611308097839,0.09023886919021612,0.5868792041134847,C(#Cc1nc2ncccc2nc1OCCN1CCCC1)c1ccccc1,CCc1ccc(C(=O)C(C)CN2CCCCC2)cc1,345.17099,260.20089,84.9701,"[(56.049355, 0.00232), (98.087479, 0.0035199999999999997), (98.095932, 1.0), (98.103233, 0.02689), (98.107124, 0.01787), (98.110718, 0.009389999999999999), (98.115067, 0.00431), (274.097748, 0.00301), (345.170868, 0.08305)]","[(98.096313, 1.0), (98.10257, 0.00967), (98.107948, 0.009649999999999999), (98.111099, 0.00764), (98.115204, 0.00302), (137.954453, 0.03314), (155.964813, 0.01348), (169.944397, 0.00248), (181.944275, 0.07128), (199.954834, 0.05313), (213.952789, 0.0023), (215.968567, 0.01447), (259.958221, 0.005639999999999999), (260.200928, 0.16077000000000002)]"
MassSpecGymID0212470,MassSpecGymID0218168,1.0,0.8926599020283209,0.3926599020283209,0.3100015521049499,0.1899984478950501,0.5826583499233711,CS(=O)(=O)N1CCCN(C(=O)c2ccccc2F)CC1,COc1ccc(C(CNC(=O)c2ccccc2F)c2c[nH]c3ccccc23)cc1,301.10167,389.16598,88.06430999999998,"[(45.986992, 0.00178), (46.994797, 0.00466), (51.02272, 0.00317), (55.934132, 0.00404), (61.01033, 0.0063), (62.01815, 0.01336), (65.038208, 0.0020399999999999997), (71.028793, 0.0019), (71.928925, 0.00132), (72.936699, 0.00203), (75.022636, 0.00762), (79.020859, 0.0060999999999999995), (90.947235, 0.00335), (93.033119, 0.00489), (95.028877, 0.00888), (98.083519, 0.00378), (111.043663, 0.00201), (113.039291, 0.042190000000000005), (118.924469, 0.0028000000000000004), (121.039192, 0.0059), (123.023689, 1.0), (123.034035, 0.11405), (123.040871, 0.01098), (123.044632, 0.01394), (123.050934, 0.00439), (123.055771, 0.00242), (123.062584, 0.00155), (123.938339, 0.0011899999999999999), (124.026443, 0.0010299999999999999), (134.95575, 0.0054600000000000004), (136.935104, 0.00121), (137.953918, 0.0027900000000000004), (150.950668, 0.0034300000000000003), (152.966278, 0.00127)]","[(123.023575, 1.0), (123.034386, 0.06838)]"
MassSpecGymID0217497,MassSpecGymID0221715,1.0,0.8824297740297794,0.3824297740297794,0.3000830113887787,0.1999169886112213,0.5823467626410007,CC(C)CC(NC(=O)C1CCCN1C(=O)OCc1ccccc1)C(=O)NCC(N)=O,NC(=O)c1ncn(C2OC(CNCc3ccccc3)C(O)C2O)c1N,419.2289,348.16663,71.06227000000001,"[(65.0383, 0.01502), (70.064728, 0.0812), (86.096016, 0.02481), (91.053787, 1.0), (91.060608, 0.01947), (91.063866, 0.01818), (91.067055, 0.01056), (114.054443, 0.010509999999999999), (160.111725, 0.057510000000000006), (176.143829, 0.00683)]","[(44.04945, 0.00151), (55.017769, 0.00164), (55.029053, 0.0016200000000000001), (60.044193, 0.00507), (65.038406, 0.00795), (69.033264, 0.0034799999999999996), (72.044151, 0.00515), (84.055359, 0.0017299999999999998), (85.028084, 0.0028799999999999997), (91.05397, 1.0), (91.060043, 0.01337), (91.064316, 0.014539999999999999), (91.06707, 0.009300000000000001), (91.070999, 0.0033900000000000002), (91.07476, 0.0019), (96.044411, 0.00216), (96.055435, 0.0027700000000000003), (105.069649, 0.005410000000000001), (106.064835, 0.00222), (110.034698, 0.06929), (117.069557, 0.00203), (120.055237, 0.00291), (120.080566, 0.02257), (124.050224, 0.00232), (127.061264, 0.00392), (128.045303, 0.08891), (129.069626, 0.00376), (133.064774, 0.0020599999999999998), (138.066147, 0.00296), (140.045471, 0.0040999999999999995), (148.050629, 0.00221), (157.064728, 0.00172), (166.061172, 0.00938), (176.045609, 0.00345), (222.07579, 0.0018), (222.114182, 0.00229)]"
MassSpecGymID0213012,MassSpecGymID0225623,1.0,0.8811886837677344,0.3811886837677344,0.3167597949504852,0.18324020504951483,0.5644288888172493,CCn1cc(C2C(C(=O)Nc3cc(C)ccn3)=C(C)N=C3CC(C)(C)CC(=O)C32)c(C)n1,CCCOc1ccn2c(C(C)=O)cc(-c3cccc(OC)c3)c2c1,434.25505,324.15942,110.09562999999997,"[(81.039032, 0.00172), (81.045219, 0.00207), (111.091209, 0.008020000000000001), (324.054901, 0.00247), (324.080414, 0.0073), (324.098511, 0.00493), (324.170685, 1.0), (324.242676, 0.0059), (324.260681, 0.00747), (324.28714, 0.0023599999999999997), (324.311615, 0.00133), (325.173828, 0.009649999999999999), (434.250702, 0.00598)]","[(81.042343, 0.00178), (239.094437, 0.00183), (282.112518, 0.03065), (324.069336, 0.00607), (324.159302, 1.0), (324.229309, 0.0051), (324.249908, 0.00662), (324.27597, 0.00266)]"
MassSpecGymID0207862,MassSpecGymID0217330,1.0,0.8846436393884598,0.3846436393884598,0.3239419162273407,0.1760580837726593,0.5607017231611191,O=C(Nc1ccn(C2CC(O)C(CO)O2)c(=O)n1)c1ccccc1,COc1ccc(C(CNC(=O)c2ccccc2)c2c[nH]c3ccccc23)cc1,332.1241,371.1754,39.051300000000026,"[(43.017643, 0.0017699999999999999), (45.033329, 0.0029), (51.022854, 0.00318), (53.038315, 0.01179), (57.033371, 0.00089), (69.033089, 0.00192), (71.048714, 0.0020399999999999997), (73.027931, 0.00302), (77.038246, 0.02697), (79.020897, 0.00099), (81.03299, 0.00208), (95.023483, 0.0014299999999999998), (95.048729, 0.12361000000000001), (95.055634, 0.0028699999999999997), (95.059525, 0.00209), (95.063164, 0.00104), (99.04361, 0.00214), (104.049088, 0.00774), (105.033081, 1.0), (105.041748, 0.037450000000000004), (105.044624, 0.02146), (105.050018, 0.011479999999999999), (105.054733, 0.00444), (105.059044, 0.00207), (105.06398, 0.00145), (106.036453, 0.00165), (113.034157, 0.00469), (117.054398, 0.00117), (165.995102, 0.00114), (184.006042, 0.0010199999999999999), (198.066422, 0.0014199999999999998), (209.972534, 0.0009), (216.076111, 0.00105), (217.940567, 0.00075), (249.995743, 0.0049), (250.998474, 0.0055000000000000005), (251.992584, 0.00484)]","[(51.022778, 0.0054600000000000004), (53.038296, 0.016739999999999998), (77.038177, 0.03805), (91.053993, 0.00135), (95.048691, 0.14978), (95.055588, 0.0033), (95.059578, 0.00255), (105.023582, 0.00313), (105.033035, 1.0), (105.043274, 0.05035), (105.050217, 0.01076), (105.054688, 0.00425), (105.059074, 0.00215), (106.036263, 0.0017599999999999998), (128.048798, 0.00148), (133.064301, 0.01459), (146.059341, 0.00151), (178.077393, 0.00452), (179.084961, 0.00506), (204.080231, 0.00219), (205.088348, 0.00145), (206.095993, 0.01287)]"
MassSpecGymID0213013,MassSpecGymID0225626,1.0,0.8811886837677344,0.3811886837677344,0.3518191277980804,0.1481808722019196,0.5293695559696541,CCn1cc(C2C(C(=O)Nc3cc(C)ccn3)=C(C)N=C3CC(C)(C)CC(=O)C32)c(C)n1,CCCOc1ccn2c(C(C)=O)cc(-c3cccc(OC)c3)c2c1,434.25505,324.15942,110.09562999999997,"[(81.039101, 0.0017100000000000001), (81.045242, 0.00203), (109.07579, 0.0011), (111.091202, 0.00957), (190.12207, 0.00299), (216.102356, 0.00265), (324.055023, 0.00207), (324.08017, 0.0076500000000000005), (324.098419, 0.00493), (324.170624, 1.0), (324.242493, 0.00641), (324.260254, 0.006979999999999999), (324.287872, 0.003), (325.173737, 0.00942), (326.177765, 0.0017000000000000001), (434.247162, 0.00367)]","[(239.094101, 0.00503), (240.102585, 0.00329), (281.140839, 0.006670000000000001), (282.112549, 0.13285), (282.141388, 0.00396), (324.069183, 0.00623), (324.159271, 1.0), (324.228882, 0.00426), (324.250031, 0.006540000000000001)]"
MassSpecGymID0081161,MassSpecGymID0143688,1.0,0.911312191387765,0.411312191387765,0.3847851157188415,0.1152148842811585,0.5265270756689235,Cc1c(Cl)c(=O)oc2cc(O)ccc12,CCC(=O)Oc1cc2c(C)cc(=O)oc2cc1Cl,211.0156482519,267.0419,56.02625174810001,"[(65.038577, 0.01001001001001001), (68.997106, 0.018018018018018018), (77.038577, 0.016016016016016016), (91.054227, 0.012012012012012012), (103.054227, 0.13013013013013014), (119.049141, 0.07507507507507508), (131.049141, 0.34434434434434436), (132.056966, 0.24324324324324326), (147.044056, 0.062062062062062065), (148.051881, 0.13813813813813813), (155.025819, 0.056056056056056056), (167.025819, 0.014014014014014014), (175.038971, 0.044044044044044044), (176.046796, 0.013013013013013013), (211.015648, 1.0)]","[(103.0552, 0.04904904904904905), (119.0476, 0.03903903903903904), (132.0574, 0.07807807807807808), (155.0215, 0.09509509509509509), (211.0148, 1.0), (211.0569, 0.04604604604604605)]"
MassSpecGymID0215834,MassSpecGymID0217265,1.0,0.8788642911423329,0.3788642911423329,0.3685042858123779,0.13149571418762213,0.5103600053299551,COc1ccc(C(CNC(=O)c2cccc(OC)c2)c2c[nH]c3ccccc23)cc1,N#Cc1nc(-c2cccc3ccccc23)oc1N1CCN(Cc2ccc3c(c2)OCO3)CC1,401.18597,439.17647,37.9905,"[(51.022896, 0.00219), (53.038311, 0.01006), (77.038223, 0.02322), (79.053795, 0.02396), (92.025269, 0.0354), (95.048721, 0.09147), (95.055557, 0.00196), (105.04425, 0.03778), (107.048691, 0.08671), (121.064293, 0.00314), (125.059219, 0.36631), (125.06926, 0.00418), (125.075798, 0.0049499999999999995), (125.080528, 0.00381), (133.064377, 0.01637), (135.030228, 0.0046500000000000005), (135.043594, 1.0), (135.054825, 0.09169000000000001), (135.063492, 0.0097), (135.068085, 0.00866), (135.075089, 0.0033900000000000002), (135.08075, 0.00242), (136.047012, 0.0039700000000000004), (158.05925, 0.00168)]","[(50.015038, 0.0013700000000000001), (51.022823, 0.005659999999999999), (53.038265, 0.00271), (65.03833, 0.00155), (67.053795, 0.00185), (77.038246, 0.01418), (79.05378, 0.04724999999999999), (95.048706, 0.02866), (105.025986, 0.00135), (105.033058, 0.02157), (105.044235, 0.009559999999999999), (107.048615, 0.00203), (135.043503, 1.0), (135.05481, 0.01691), (135.061905, 0.014190000000000001), (135.067154, 0.00872), (135.074677, 0.00419), (135.08136, 0.00213), (136.046844, 0.0046700000000000005), (161.09552, 0.01774), (173.541992, 0.00198), (298.086151, 0.00147), (325.09613, 0.00338)]"
MassSpecGymID0029507,MassSpecGymID0039734,1.0,0.9983453285452312,0.49834532854523117,0.4990490972995758,0.0009509027004241943,0.49929623124565536,c1ccc2c(c1)[nH]c1ncccc12,c1ccc2c(c1)[nH]c1ccncc12,169.076,169.076,0.0,"[(115.0541, 0.0462763), (142.0652, 0.02008505), (168.0684, 0.11240294), (169.0762, 1.0)]","[(115.054, 0.08208208208208208), (142.0651, 0.024024024024024024), (168.0683, 0.04004004004004004), (169.0761, 1.0)]"
MassSpecGymID0207468,MassSpecGymID0224849,1.0,0.9614218623243352,0.46142186232433524,0.4648654758930206,0.035134524106979426,0.49655638643131467,Cc1nn(CCNS(=O)(=O)Cc2ccccc2F)c(C)c1-c1ccsc1,Cn1c(N2CCCCS2(=O)=O)nc(C(=O)NCc2ccc(F)cc2)c(O)c1=O,394.10537,411.11329,17.007920000000013,"[(44.049286, 0.00193), (57.013435, 0.002), (83.02877, 0.026789999999999998), (89.038208, 0.0028399999999999996), (109.044388, 1.0), (109.052589, 0.02038), (109.057861, 0.0169), (109.061623, 0.0095), (109.066765, 0.00383), (109.072121, 0.00241), (110.047676, 0.00309), (117.057076, 0.0018), (121.064438, 0.00436), (122.018257, 0.00126), (123.059898, 0.00203), (132.080215, 0.00134), (135.026337, 0.0013900000000000002), (138.036514, 0.00187), (152.086685, 0.00515), (162.036591, 0.00166), (164.052521, 0.0013700000000000001), (177.047958, 0.0017499999999999998), (178.055634, 0.00975), (179.063385, 0.0298), (191.063354, 0.033010000000000005), (205.079636, 0.0017299999999999998), (287.101135, 0.0014000000000000002)]","[(55.05405, 0.0016300000000000002), (57.013508, 0.00169), (63.022903, 0.0017100000000000001), (83.028816, 0.028069999999999998), (89.038254, 0.00222), (109.044411, 1.0), (109.053474, 0.01203), (109.057938, 0.015449999999999998), (109.061646, 0.010620000000000001), (109.067146, 0.0040999999999999995), (180.055984, 0.00211), (221.082886, 0.0054600000000000004), (232.061951, 0.0032700000000000003), (261.101349, 0.00307), (273.088867, 0.01079), (274.096222, 0.00561), (275.104401, 0.08019), (276.065369, 0.00182), (291.099182, 0.0033)]"
MassSpecGymID0216330,MassSpecGymID0218718,1.0,0.923126416600783,0.423126416600783,0.4292841851711273,0.07071581482887268,0.49384223142965566,COCCn1cc(C(=O)NCCc2c[nH]c3ccc(F)cc23)c2ccccc21,COCCn1cc(C(=O)NCCc2c[nH]c3ccccc23)c2ccccc21,380.17688,362.1863,17.990579999999966,"[(50.519684, 0.00135), (50.522667, 0.00234), (130.065063, 0.00365), (135.116608, 0.005180000000000001), (162.071274, 0.0032), (176.106903, 0.0029), (201.078476, 0.016739999999999998), (202.029327, 0.00202), (202.041733, 0.007019999999999999), (202.050812, 0.005180000000000001), (202.086212, 1.0), (202.121689, 0.00607), (202.130478, 0.0072), (202.143539, 0.0026), (202.155502, 0.00165), (203.089844, 0.00345), (205.077606, 0.0017599999999999998), (219.112778, 0.00122), (321.197601, 0.00121), (380.178864, 0.00407), (381.218475, 0.00217)]","[(50.519695, 0.00165), (50.522697, 0.00268), (143.038559, 0.001), (143.0728, 0.00226), (144.079941, 0.00477), (176.107254, 0.0024), (187.086731, 0.00249), (202.028824, 0.0020399999999999997), (202.042007, 0.00732), (202.050858, 0.00526), (202.086349, 1.0), (202.121674, 0.0060799999999999995), (202.130753, 0.00745), (202.143616, 0.0027), (202.155579, 0.00135), (202.16774, 0.00091), (203.089981, 0.00329), (219.113068, 0.00121), (362.190277, 0.008369999999999999)]"
MassSpecGymID0217570,MassSpecGymID0218317,1.0,0.958266185965686,0.458266185965686,0.4745003283023834,0.025499671697616577,0.4837658576633026,CCC(C)C(NC(=O)N1CCN(C(=O)c2cc3ccccc3[nH]2)CC1)C(=O)O,CC(C)C(NC(=O)N1CCN(C(=O)c2cc3ccccc3[nH]2)CC1)C(=O)O,387.20268,373.18703,14.015649999999994,"[(42.033718, 0.00391), (44.049305, 0.01214), (56.049232, 0.00622), (65.038208, 0.00571), (68.049118, 0.0042699999999999995), (69.069504, 0.01534), (70.028351, 0.01077), (70.064743, 0.041589999999999995), (71.059998, 0.03601), (74.0233, 0.00312), (77.038269, 0.0028899999999999998), (79.020813, 0.010209999999999999), (84.067917, 0.0022500000000000003), (85.075607, 0.03864), (86.096016, 0.03371), (87.09127, 0.24667999999999998), (87.097267, 0.006059999999999999), (87.100769, 0.00431), (87.103859, 0.0027300000000000002), (89.038231, 0.0316), (92.049141, 0.00626), (95.048668, 0.00511), (113.070511, 0.16445), (116.049049, 0.056639999999999996), (130.064529, 0.00227), (131.036087, 0.00545), (132.043747, 0.00321), (132.080368, 0.0121), (134.059631, 0.011359999999999999), (144.029617, 0.004030000000000001), (144.043945, 1.0), (144.055481, 0.015449999999999998), (144.064407, 0.011739999999999999), (144.069687, 0.00743), (144.07962, 0.01113), (145.047302, 0.00311), (149.046585, 0.00473), (157.060471, 0.00293), (170.059601, 0.00321), (187.086456, 0.00216), (211.08577, 0.0023699999999999997), (213.102081, 0.00217), (239.069061, 0.00211)]","[(42.033684, 0.00544), (44.049332, 0.00914), (55.053944, 0.01908), (56.049217, 0.00745), (65.0382, 0.0076500000000000005), (68.049133, 0.00457), (70.028313, 0.011479999999999999), (70.064713, 0.04453), (71.060013, 0.04124), (72.080383, 0.051710000000000006), (77.038116, 0.00398), (84.067741, 0.0032300000000000002), (85.075592, 0.044480000000000006), (87.091263, 0.23827), (87.097275, 0.005350000000000001), (87.100807, 0.00437), (89.038231, 0.04211), (92.049026, 0.00607), (95.048607, 0.0044), (98.059547, 0.0044800000000000005), (113.070503, 0.19035), (113.079308, 0.00203), (116.049034, 0.07529), (130.065033, 0.00243), (131.036041, 0.00866), (132.044022, 0.00319), (132.080322, 0.011519999999999999), (134.059692, 0.01113), (144.029526, 0.0034300000000000003), (144.04393, 1.0), (144.055527, 0.01592), (144.064316, 0.01123), (144.06987, 0.00722), (144.079453, 0.0096), (145.047256, 0.0034799999999999996), (149.046631, 0.00381), (157.060364, 0.00335), (170.059738, 0.00194), (173.541428, 0.0032300000000000002), (185.070419, 0.00247), (187.086319, 0.00193), (211.086258, 0.0023499999999999997)]"
MassSpecGymID0206351,MassSpecGymID0221529,1.0,0.9435533161542324,0.44355331615423244,0.4652765691280365,0.0347234308719635,0.47827674702619594,NC(=O)C1(F)CCN(c2ncnc3c2ncn3CC2CCCO2)C1,OCCn1cc(-c2ccc3c(c2)CCC3=NO)c(-c2ccncc2)n1,335.16263,335.15025,0.012379999999950542,"[(83.78746, 0.00264), (83.793877, 0.00203), (85.064781, 0.00057), (188.093521, 0.00063), (232.124359, 0.00062), (251.105301, 0.00904), (264.116364, 0.0005600000000000001), (272.150757, 0.00321), (290.141388, 0.00052), (298.129883, 0.00167), (315.157166, 0.00108), (335.013855, 0.00092), (335.040619, 0.00223), (335.067627, 0.00728), (335.08725, 0.005350000000000001), (335.162842, 1.0), (335.238556, 0.00565), (335.257385, 0.00738), (335.285553, 0.0025800000000000003), (335.311249, 0.00146), (335.338959, 0.0009), (336.165375, 0.0028499999999999997)]","[(83.784096, 0.00211), (83.790642, 0.00198), (265.121918, 0.00149), (317.141846, 0.006540000000000001), (318.147797, 0.02626), (333.135193, 0.00062), (335.053986, 0.00573), (335.074738, 0.00404), (335.150177, 1.0), (335.223999, 0.005639999999999999), (335.245514, 0.00644), (335.272888, 0.0027800000000000004), (335.299469, 0.0014099999999999998), (335.325623, 0.00109), (336.154205, 0.0011)]"
MassSpecGymID0216328,MassSpecGymID0218716,1.0,0.923126416600783,0.423126416600783,0.4451180696487427,0.054881930351257324,0.4780083469520403,COCCn1cc(C(=O)NCCc2c[nH]c3ccc(F)cc23)c2ccccc21,COCCn1cc(C(=O)NCCc2c[nH]c3ccccc23)c2ccccc21,380.17688,362.1863,17.990579999999966,"[(50.522644, 0.0028199999999999996), (59.049084, 0.7284), (59.052155, 0.01353), (59.054508, 0.006939999999999999), (59.056087, 0.007169999999999999), (115.054268, 0.02955), (116.049507, 0.01213), (117.069885, 0.0028499999999999997), (130.065186, 0.03228), (135.060547, 0.01236), (135.116913, 0.05269), (141.056641, 0.0028899999999999998), (142.065262, 0.02463), (143.073074, 0.013600000000000001), (144.044479, 0.48115), (144.080826, 0.04733), (158.06015, 0.0315), (159.067749, 0.00567), (161.063629, 0.01044), (162.071472, 0.1773), (170.060242, 0.08679), (173.051071, 0.00296), (174.091812, 0.00264), (176.107193, 0.0033900000000000002), (201.078369, 0.00314), (202.042374, 0.00699), (202.051208, 0.00701), (202.086472, 1.0), (202.121964, 0.00462), (202.130707, 0.006710000000000001), (202.143204, 0.0027300000000000002), (203.090057, 0.00409)]","[(59.045109, 0.00332), (59.049015, 0.7992400000000001), (59.052246, 0.01492), (59.054424, 0.01294), (59.055862, 0.00651), (59.05798, 0.00388), (103.054115, 0.00358), (115.054169, 0.01303), (116.049416, 0.01727), (117.069733, 0.029670000000000002), (129.057465, 0.00335), (130.065018, 0.01474), (142.065109, 0.011000000000000001), (143.072845, 0.029009999999999998), (144.044312, 0.5032), (144.080612, 0.2556), (145.064499, 0.00442), (155.060287, 0.006540000000000001), (157.053009, 0.0028399999999999996), (158.059937, 0.03142), (159.067902, 0.005350000000000001), (170.060043, 0.06236), (202.041946, 0.0067), (202.050583, 0.00374), (202.086197, 1.0), (202.130157, 0.0069099999999999995), (203.089371, 0.00381)]"
MassSpecGymID0216329,MassSpecGymID0218717,1.0,0.923126416600783,0.423126416600783,0.450836181640625,0.049163818359375,0.472290234960158,COCCn1cc(C(=O)NCCc2c[nH]c3ccc(F)cc23)c2ccccc21,COCCn1cc(C(=O)NCCc2c[nH]c3ccccc23)c2ccccc21,380.17688,362.1863,17.990579999999966,"[(42.240814, 0.00108), (50.519894, 0.00214), (50.522972, 0.00191), (130.065353, 0.00314), (135.116821, 0.0023799999999999997), (176.107452, 0.0034300000000000003), (201.078583, 0.01844), (202.016815, 0.00098), (202.028809, 0.00194), (202.041977, 0.00755), (202.050766, 0.00567), (202.086288, 1.0), (202.121628, 0.00563), (202.130692, 0.0073), (202.143784, 0.0028899999999999998), (202.155487, 0.00123), (202.167984, 0.00091), (203.089691, 0.00433), (205.077499, 0.00179), (380.176941, 0.04457), (381.217194, 0.00455)]","[(40.241722, 0.0009299999999999999), (40.243744, 0.00106), (50.519722, 0.0017000000000000001), (50.52269, 0.0025700000000000002), (143.072601, 0.00321), (144.078354, 0.003), (176.106964, 0.00291), (187.086258, 0.0030299999999999997), (202.041153, 0.00506), (202.0858, 1.0), (202.103867, 0.01783), (202.119858, 0.00904), (202.13002, 0.00805), (202.143066, 0.0032600000000000003), (202.155258, 0.0017699999999999999), (202.167542, 0.0011200000000000001), (203.089508, 0.00328), (362.186432, 0.05913)]"
MassSpecGymID0004787,MassSpecGymID0005445,1.0,0.8598915826428585,0.3598915826428585,0.3882574439048767,0.11174255609512329,0.47163413873798177,Cc1ccccc1OP(=O)(Oc1ccccc1C)Oc1ccccc1C,Cc1ccc(OP(=O)(Oc2ccc(C)cc2)Oc2ccc(C)cc2)cc1,369.125,369.125,0.0,"[(63.0234, 0.02902902902902903), (65.0385, 0.8488488488488488), (77.0389, 0.03903903903903904), (79.0549, 0.01901901901901902), (91.054, 1.0), (105.0313, 0.021021021021021023), (107.0491, 0.03303303303303303), (141.0669, 0.02702702702702703), (152.0607, 0.05405405405405406), (153.068, 0.02702702702702703), (165.069, 0.6846846846846847), (166.0744, 0.11411411411411411), (178.0772, 0.13813813813813813), (179.0837, 0.04104104104104104), (181.0645, 0.02002002002002002), (182.0733, 0.018018018018018018), (239.0845, 0.025025025025025027), (240.0935, 0.02002002002002002), (241.0997, 0.031031031031031032)]","[(63.0226, 0.01701701701701702), (65.0388, 0.6316316316316316), (77.0389, 0.21121121121121122), (79.0544, 0.13613613613613615), (90.0467, 0.01901901901901902), (91.0543, 0.7277277277277278), (107.0484, 0.0980980980980981), (108.0561, 0.02002002002002002), (109.0642, 0.014014014014014014), (115.0533, 0.026026026026026026), (141.0708, 0.03203203203203203), (152.062, 0.03203203203203203), (164.0618, 0.016016016016016016), (165.0699, 1.0), (166.0769, 0.14014014014014015), (178.0769, 0.06006006006006006), (179.0828, 0.02702702702702703), (181.0658, 0.043043043043043044), (195.0805, 0.08008008008008008), (196.0885, 0.06506506506506507), (239.0844, 0.03403403403403404), (240.0907, 0.01701701701701702), (241.1013, 0.018018018018018018), (243.0562, 0.03203203203203203), (255.1171, 0.013013013013013013)]"
MassSpecGymID0222234,MassSpecGymID0230735,1.0,0.952058313457653,0.452058313457653,0.4809101521968841,0.0190898478031159,0.4711481612607689,C(#Cc1nc2ncccc2nc1OCCN1CCCC1)c1ccccc1,Cc1cc(C(=O)CN2CCCCC2)c(C)n1-c1ccc(Cl)cc1,345.17099,331.15717,14.01382000000001,"[(56.049419, 0.00434), (98.096191, 1.0), (98.102982, 0.01758), (98.107742, 0.01546), (98.110924, 0.00927), (98.115311, 0.00365), (98.119545, 0.00196), (274.097656, 0.00306), (345.171875, 0.011399999999999999)]","[(98.095993, 1.0), (98.103188, 0.02283), (98.107231, 0.01447), (331.157104, 0.34879)]"
MassSpecGymID0029505,MassSpecGymID0039728,1.0,0.9983453285452312,0.49834532854523117,0.5320931673049927,0.032093167304992676,0.4662521612402385,c1ccc2c(c1)[nH]c1ncccc12,c1ccc2c(c1)[nH]c1ccncc12,169.076,169.076,0.0,"[(113.0381, 0.04004004004004004), (114.0338, 0.011011011011011011), (114.0459, 0.08008008008008008), (115.0538, 0.2682682682682683), (116.0507, 0.03303303303303303), (117.0568, 0.042042042042042045), (125.0376, 0.006006006006006006), (128.0486, 0.02902902902902903), (129.0444, 0.012012012012012012), (129.0562, 0.009009009009009009), (139.0412, 0.009009009009009009), (140.0488, 0.9079079079079079), (141.0561, 0.5275275275275275), (142.0533, 0.08208208208208208), (142.0595, 0.07307307307307308), (143.0582, 0.011011011011011011), (152.0484, 0.008008008008008008), (153.0436, 0.006006006006006006), (165.043, 0.005005005005005005), (166.0518, 0.04904904904904905), (167.0593, 0.16716716716716717), (168.0674, 1.0), (169.0731, 0.20520520520520522), (170.0768, 0.024024024024024024)]","[(113.0381, 0.04004004004004004), (114.0338, 0.011011011011011011), (114.0459, 0.08008008008008008), (115.0538, 0.2682682682682683), (116.0507, 0.03303303303303303), (117.0568, 0.042042042042042045), (125.0376, 0.006006006006006006), (128.0486, 0.02902902902902903), (129.0444, 0.012012012012012012), (129.0562, 0.009009009009009009), (139.0412, 0.009009009009009009), (140.0488, 0.9079079079079079), (141.0561, 0.5275275275275275), (142.0533, 0.08208208208208208), (142.0595, 0.07307307307307308), (143.0582, 0.011011011011011011), (152.0484, 0.008008008008008008), (153.0436, 0.006006006006006006), (165.043, 0.005005005005005005), (166.0518, 0.04904904904904905), (167.0593, 0.16716716716716717), (168.0674, 1.0), (169.0731, 0.20520520520520522), (170.0768, 0.024024024024024024)]"
MassSpecGymID0004788,MassSpecGymID0005448,1.0,0.8598915826428585,0.3598915826428585,0.3940377533435821,0.1059622466564179,0.4658538292992764,Cc1ccccc1OP(=O)(Oc1ccccc1C)Oc1ccccc1C,Cc1ccc(OP(=O)(Oc2ccc(C)cc2)Oc2ccc(C)cc2)cc1,369.125,369.125,0.0,"[(65.0383, 0.48148148148148145), (77.0376, 0.03203203203203203), (79.0538, 0.015015015015015015), (91.0539, 1.0), (92.0582, 0.04904904904904905), (103.0546, 0.015015015015015015), (107.0492, 0.04604604604604605), (115.0541, 0.025025025025025027), (141.0687, 0.023023023023023025), (152.0605, 0.03803803803803804), (153.0667, 0.015015015015015015), (154.0767, 0.018018018018018018), (164.0606, 0.01701701701701702), (165.0693, 0.6466466466466466), (166.0758, 0.16316316316316315), (167.0813, 0.01701701701701702), (178.0766, 0.15515515515515516), (179.082, 0.05205205205205205), (181.0634, 0.022022022022022022), (239.0841, 0.018018018018018018), (241.1003, 0.025025025025025027)]","[(51.0224, 0.011011011011011011), (63.0235, 0.01901901901901902), (65.0388, 0.5395395395395396), (77.039, 0.16216216216216217), (79.0542, 0.15915915915915915), (89.0386, 0.005005005005005005), (90.0467, 0.03203203203203203), (91.0545, 0.9369369369369369), (92.0577, 0.036036036036036036), (107.0489, 0.13113113113113112), (108.0576, 0.016016016016016016), (109.0632, 0.01001001001001001), (115.0536, 0.013013013013013013), (139.0521, 0.007007007007007007), (141.0691, 0.02702702702702703), (142.079, 0.015015015015015015), (143.0841, 0.005005005005005005), (152.0622, 0.037037037037037035), (153.0093, 0.021021021021021023), (153.0705, 0.008008008008008008), (154.0779, 0.006006006006006006), (155.0225, 0.006006006006006006), (164.0624, 0.016016016016016016), (165.0699, 1.0), (166.0768, 0.25925925925925924), (167.0828, 0.016016016016016016), (178.0765, 0.037037037037037035), (179.0859, 0.037037037037037035), (180.0906, 0.011011011011011011), (181.0639, 0.028028028028028028), (181.0975, 0.004004004004004004), (182.0698, 0.007007007007007007), (195.0801, 0.10510510510510511), (196.0877, 0.1031031031031031), (200.0386, 0.01001001001001001), (215.0623, 0.01901901901901902), (226.0767, 0.008008008008008008), (239.0867, 0.01701701701701702), (240.093, 0.014014014014014014), (241.102, 0.01701701701701702), (243.0573, 0.042042042042042045), (244.0576, 0.004004004004004004), (254.1123, 0.004004004004004004), (255.1181, 0.018018018018018018), (256.1216, 0.01001001001001001), (279.0746, 0.005005005005005005)]"
MassSpecGymID0232804,MassSpecGymID0234614,1.0,0.9649333965885332,0.46493339658853317,0.5094747543334961,0.009474754333496094,0.45545864225503707,CCOc1ccc2[nH]c(SCCN3CCOCC3)nc2c1,C=CC(=O)Nc1cc2c(Nc3ccc(OCc4ccccn4)c(Cl)c3)ncnc2cc1OCCN1CCOCC1,308.14272,561.20116,253.05843999999996,"[(70.065056, 0.01019), (84.08075, 0.00661), (86.096359, 0.00228), (114.091324, 1.0), (114.099358, 0.01477), (114.109955, 0.00844), (114.115532, 0.00337), (221.075089, 0.01754)]","[(70.064926, 0.01053), (84.080566, 0.005699999999999999), (114.09124, 1.0), (114.099075, 0.0158), (114.109932, 0.00922)]"
MassSpecGymID0141586,MassSpecGymID0141634,1.0,0.9905915447152068,0.49059154471520683,0.53825443983078,0.03825443983078003,0.4523371048844268,Nc1ccc2nc3ccc(N)cc3nc2c1,Nc1cc2nc3ccccc3nc2cc1N,211.0978,211.0978,0.0,"[(184.0866, 0.03938109), (194.0711, 0.05824599), (210.0898, 0.02395847), (211.0975, 1.0)]","[(167.0601, 0.01701701701701702), (184.0867, 0.07007007007007007), (194.0711, 0.04804804804804805), (195.0789, 0.024024024024024024), (210.0898, 0.031031031031031032), (211.0976, 1.0)]"
MassSpecGymID0220853,MassSpecGymID0237310,1.0,0.9488782722784588,0.4488782722784588,0.4976051747798919,0.0023948252201080877,0.45127309749856687,O=C(NC1CCN(Cc2ccc3c(c2)OCO3)CC1)c1cc(=O)c2cc(F)ccc2o1,Clc1ccc2ncnc(NCc3ccc4c(c3)OCO4)c2c1,425.15073,314.06908,111.08165000000002,"[(79.054054, 0.00158), (135.019302, 0.0046), (135.043686, 1.0), (135.053772, 0.01704), (135.062225, 0.00971), (135.067795, 0.00838), (135.074814, 0.00344), (135.081741, 0.00199), (136.974091, 0.00157), (284.938843, 0.00332), (286.934418, 0.0032300000000000002)]","[(79.021049, 0.00406), (79.054085, 0.00212), (135.019806, 0.00573), (135.044128, 1.0), (135.063385, 0.00826), (135.068283, 0.00886), (135.074997, 0.0033), (192.0327, 0.00232), (314.070435, 0.00714)]"
MassSpecGymID0141585,MassSpecGymID0141634,1.0,0.9905915447152068,0.49059154471520683,0.5433000326156616,0.04330003261566162,0.4472915120995452,Nc1ccc2nc3ccc(N)cc3nc2c1,Nc1cc2nc3ccccc3nc2cc1N,211.0978,211.0978,0.0,"[(184.0866, 0.03903903903903904), (194.0711, 0.05805805805805806), (210.0898, 0.023023023023023025), (211.0975, 1.0)]","[(167.0601, 0.01701701701701702), (184.0867, 0.07007007007007007), (194.0711, 0.04804804804804805), (195.0789, 0.024024024024024024), (210.0898, 0.031031031031031032), (211.0976, 1.0)]"
MassSpecGymID0232805,MassSpecGymID0238198,1.0,0.9899299187502384,0.4899299187502384,0.5451092720031738,0.04510927200317383,0.44482064674706456,CCOc1ccc2[nH]c(SCCN3CCOCC3)nc2c1,O=[N+]([O-])c1cncn1CCN1CCOCC1,308.14272,227.11387,81.02885,"[(70.064751, 0.00197), (84.080551, 0.00199), (114.091026, 1.0), (114.099892, 0.020950000000000003), (114.1054, 0.01514), (114.109413, 0.010089999999999998), (114.114792, 0.00378), (221.074326, 0.019119999999999998), (308.14328, 0.052199999999999996)]","[(42.033947, 0.0023), (70.064934, 0.012969999999999999), (84.080574, 0.0054600000000000004), (100.075539, 0.01472), (114.091202, 1.0), (114.099365, 0.01309), (114.105705, 0.011659999999999998), (114.109863, 0.00958), (167.003952, 0.00336), (227.114639, 0.00672)]"
MassSpecGymID0231278,MassSpecGymID0238593,1.0,0.9208212195320404,0.42082121953204044,0.4905737936496734,0.009426206350326594,0.43024742588236703,CCCCCCCCCCCCCCCC(=O)OC1C(SC)OC(C(NC(=O)C2CC(CCC)CN2C)C(C)Cl)C(O)C1O,CCCC1CC(C(=O)NC(C(C)Cl)C2OC(SC)C(OP(=O)(O)O)C(O)C2O)N(C)C1,663.41681,505.15348,158.26333000000005,"[(55.054073, 0.009729999999999999), (58.064938, 0.00996), (67.054008, 0.00414), (68.049355, 0.008239999999999999), (69.069656, 0.01722), (70.064934, 0.02827), (82.064949, 0.025019999999999997), (83.072739, 0.020179999999999997), (83.085281, 0.00319), (84.080574, 0.010589999999999999), (95.085419, 0.007980000000000001), (124.112045, 0.00909), (126.127579, 1.0), (126.1362, 0.017070000000000002), (126.144463, 0.00738), (126.149353, 0.007209999999999999), (126.155914, 0.0035099999999999997)]","[(69.069664, 0.01325), (70.064873, 0.01996), (82.064774, 0.01505), (126.127411, 1.0), (126.136909, 0.01542)]"
MassSpecGymID0216872,MassSpecGymID0224849,1.0,0.9889368368288722,0.48893683682887223,0.5631513595581055,0.06315135955810547,0.42578547727076677,CCC(C)C(NC(=O)OC(C)(C)C)c1nnc(SCc2ccc(F)cc2)o1,Cn1c(N2CCCCS2(=O)=O)nc(C(=O)NCc2ccc(F)cc2)c(O)c1=O,396.17517,411.11329,14.938120000000026,"[(44.049301, 0.00943), (57.013424, 0.0011899999999999999), (57.069565, 0.004030000000000001), (69.069496, 0.02659), (74.023254, 0.005), (79.020767, 0.00108), (83.028778, 0.014190000000000001), (86.096016, 0.07639), (86.102463, 0.00159), (86.10537, 0.00167), (89.037933, 0.00154), (109.04438, 1.0), (109.052666, 0.0235), (109.0578, 0.016220000000000002), (109.061607, 0.01058), (109.066864, 0.00411), (109.071754, 0.00193), (109.076981, 0.00136), (110.04776, 0.00307)]","[(55.05405, 0.0016300000000000002), (57.013508, 0.00169), (63.022903, 0.0017100000000000001), (83.028816, 0.028069999999999998), (89.038254, 0.00222), (109.044411, 1.0), (109.053474, 0.01203), (109.057938, 0.015449999999999998), (109.061646, 0.010620000000000001), (109.067146, 0.0040999999999999995), (180.055984, 0.00211), (221.082886, 0.0054600000000000004), (232.061951, 0.0032700000000000003), (261.101349, 0.00307), (273.088867, 0.01079), (274.096222, 0.00561), (275.104401, 0.08019), (276.065369, 0.00182), (291.099182, 0.0033)]"
MassSpecGymID0141585,MassSpecGymID0141635,1.0,0.9905915447152068,0.49059154471520683,0.5693161487579346,0.06931614875793457,0.42127539595727226,Nc1ccc2nc3ccc(N)cc3nc2c1,Nc1cc2nc3ccccc3nc2cc1N,211.0978,211.0978,0.0,"[(184.0866, 0.03903903903903904), (194.0711, 0.05805805805805806), (210.0898, 0.023023023023023025), (211.0975, 1.0)]","[(167.0601, 0.01782581), (184.0867, 0.07024897000000001), (194.0711, 0.04840663), (195.0789, 0.024154770000000002), (210.0898, 0.0319), (211.0976, 1.0)]"
MassSpecGymID0021840,MassSpecGymID0023785,1.0,0.9464467859218868,0.4464467859218868,0.5387460589408875,0.03874605894088745,0.40770072698099935,Cc1cccc(C)c1N(Cn1cccn1)C(=O)CS(=O)(=O)O,Cc1cccc(C)c1N(Cn1cccn1)C(=O)C(=O)O,324.1013,274.1186,49.982699999999966,"[(134.0952, 1.0), (135.0987, 0.07407407407407407), (160.0758, 0.025025025025025027), (256.0638, 0.02002002002002002)]","[(118.0642, 0.026419079999999998), (119.0721, 0.053140099999999996), (132.0799, 0.02279589), (134.0955, 1.0), (135.0994, 0.12394324), (160.076, 0.01268116), (206.0799, 0.10582729), (207.0838, 0.01539855), (224.0921, 0.015549519999999999)]"
MassSpecGymID0207857,MassSpecGymID0230734,1.0,0.8800151060435576,0.3800151060435576,0.4771293699741363,0.022870630025863703,0.4028857360694213,O=C(CN1CCCCC1)Nc1cccc2c1C(=O)c1ccccc1-2,Cc1cc(C(=O)CN2CCCCC2)c(C)n1-c1ccc(Cl)cc1,321.15975,331.15717,9.997420000000034,"[(42.03397, 0.00099), (55.05402, 0.00222), (70.06469, 0.0058), (98.087677, 0.00491), (98.09594, 1.0), (98.103477, 0.02017), (98.107323, 0.01939), (98.110764, 0.00983), (98.115189, 0.00383), (98.119385, 0.00217), (98.123634, 0.0015), (99.099335, 0.00148), (126.090927, 0.0022400000000000002), (321.159393, 0.03214)]","[(98.096199, 1.0), (98.102997, 0.01427), (98.107758, 0.01505), (98.110756, 0.01004), (246.068451, 0.01284), (331.158051, 0.03579)]"
MassSpecGymID0220854,MassSpecGymID0237311,1.0,0.9488782722784588,0.4488782722784588,0.5616214871406555,0.06162148714065552,0.38725678513780326,O=C(NC1CCN(Cc2ccc3c(c2)OCO3)CC1)c1cc(=O)c2cc(F)ccc2o1,Clc1ccc2ncnc(NCc3ccc4c(c3)OCO4)c2c1,425.15073,314.06908,111.08165000000002,"[(82.064796, 0.00202), (135.019531, 0.00417), (135.043716, 1.0), (135.053558, 0.01675), (135.062286, 0.00916), (135.067856, 0.008060000000000001), (135.074905, 0.0038900000000000002), (302.950043, 0.00234), (304.946136, 0.00232), (346.937988, 0.00178), (425.151184, 0.02854)]","[(79.021004, 0.00528), (135.030334, 0.0034200000000000003), (135.043686, 1.0), (135.054794, 0.01702), (135.062057, 0.01266), (135.067642, 0.00922), (192.033173, 0.00314), (314.069672, 0.11368)]"
MassSpecGymID0029501,MassSpecGymID0039739,1.0,0.9983453285452312,0.49834532854523117,0.6194729208946228,0.1194729208946228,0.37887240765060837,c1ccc2c(c1)[nH]c1ncccc12,c1ccc2c(c1)[nH]c1ccncc12,169.076,169.076,0.0,"[(115.0537, 0.13313313313313313), (116.0565, 0.013013013013013013), (140.048, 0.014014014014014014), (141.0553, 0.014014014014014014), (142.0637, 0.06706706706706707), (143.067, 0.006006006006006006), (167.0585, 0.007007007007007007), (168.0668, 0.11011011011011011), (169.0748, 1.0), (170.0777, 0.1001001001001001), (171.0808, 0.005005005005005005)]","[(115.0537, 0.13371235), (116.0565, 0.01329907), (140.048, 0.014894369999999999), (141.0553, 0.0142405), (142.0637, 0.06767672), (143.067, 0.0064068499999999995), (167.0585, 0.00735561), (168.0668, 0.11092388), (169.0748, 1.0), (170.0777, 0.10105902), (171.0808, 0.00508629)]"
MassSpecGymID0029511,MassSpecGymID0039739,1.0,0.9983453285452312,0.49834532854523117,0.6194729208946228,0.1194729208946228,0.37887240765060837,c1ccc2c(c1)[nH]c1ncccc12,c1ccc2c(c1)[nH]c1ccncc12,169.076,169.076,0.0,"[(115.0537, 0.13371235), (116.0565, 0.01329907), (140.048, 0.014894369999999999), (141.0553, 0.0142405), (142.0637, 0.06767672), (143.067, 0.0064068499999999995), (167.0585, 0.00735561), (168.0668, 0.11092388), (169.0748, 1.0), (170.0777, 0.10105902), (171.0808, 0.00508629)]","[(115.0537, 0.13371235), (116.0565, 0.01329907), (140.048, 0.014894369999999999), (141.0553, 0.0142405), (142.0637, 0.06767672), (143.067, 0.0064068499999999995), (167.0585, 0.00735561), (168.0668, 0.11092388), (169.0748, 1.0), (170.0777, 0.10105902), (171.0808, 0.00508629)]"
MassSpecGymID0029502,MassSpecGymID0039729,1.0,0.9983453285452312,0.49834532854523117,0.6214282512664795,0.12142825126647949,0.3769170772787517,c1ccc2c(c1)[nH]c1ncccc12,c1ccc2c(c1)[nH]c1ccncc12,169.076,169.076,0.0,"[(113.038, 0.006006006006006006), (114.0456, 0.014014014014014014), (115.0538, 0.16516516516516516), (116.0555, 0.01701701701701702), (117.0564, 0.012012012012012012), (128.0485, 0.008008008008008008), (129.056, 0.008008008008008008), (140.0486, 0.17917917917917917), (141.0561, 0.16716716716716717), (142.0636, 0.07907907907907907), (143.0662, 0.007007007007007007), (152.0481, 0.009009009009009009), (166.0513, 0.008008008008008008), (167.0593, 0.05905905905905906), (168.0673, 1.0), (169.0744, 0.5165165165165165), (170.0776, 0.044044044044044044)]","[(113.038, 0.006006006006006006), (114.0456, 0.014014014014014014), (115.0538, 0.16516516516516516), (116.0555, 0.01701701701701702), (117.0564, 0.012012012012012012), (128.0485, 0.008008008008008008), (129.056, 0.008008008008008008), (140.0486, 0.17917917917917917), (141.0561, 0.16716716716716717), (142.0636, 0.07907907907907907), (143.0662, 0.007007007007007007), (152.0481, 0.009009009009009009), (166.0513, 0.008008008008008008), (167.0593, 0.05905905905905906), (168.0673, 1.0), (169.0744, 0.5165165165165165), (170.0776, 0.044044044044044044)]"
MassSpecGymID0081162,MassSpecGymID0143692,1.0,0.911312191387765,0.411312191387765,0.5391532778739929,0.03915327787399292,0.37215891351377206,Cc1c(Cl)c(=O)oc2cc(O)ccc12,CCC(=O)Oc1cc2c(C)cc(=O)oc2cc1Cl,211.0156482519,267.0419,56.02625174810001,"[(131.049141, 0.023023023023023025), (132.056966, 0.012012012012012012), (211.015648, 1.0)]","[(120.0562, 0.01496259), (132.0588, 0.02182045), (211.0151, 1.0), (211.0484, 0.02805486), (211.0619, 0.01683292), (267.0398, 0.08541147)]"
MassSpecGymID0141586,MassSpecGymID0141635,1.0,0.9905915447152068,0.49059154471520683,0.6254674196243286,0.1254674196243286,0.3651241250908782,Nc1ccc2nc3ccc(N)cc3nc2c1,Nc1cc2nc3ccccc3nc2cc1N,211.0978,211.0978,0.0,"[(184.0866, 0.03938109), (194.0711, 0.05824599), (210.0898, 0.02395847), (211.0975, 1.0)]","[(167.0601, 0.01782581), (184.0867, 0.07024897000000001), (194.0711, 0.04840663), (195.0789, 0.024154770000000002), (210.0898, 0.0319), (211.0976, 1.0)]"
MassSpecGymID0207853,MassSpecGymID0215834,1.0,0.8542921315125823,0.3542921315125823,0.4908026158809662,0.009197384119033813,0.36348951563161613,COc1cccc(C(=O)N2c3ccccc3NC(=O)CC2C)c1,COc1ccc(C(CNC(=O)c2cccc(OC)c2)c2c[nH]c3ccccc23)cc1,311.13902,401.18597,90.04694999999998,"[(41.038578, 0.01524), (51.022923, 0.01004), (53.038528, 0.04657), (55.017952, 0.0036), (61.010471, 0.0059299999999999995), (62.018387, 0.00959), (65.038475, 0.0051), (69.033371, 0.14996), (76.927826, 0.0042699999999999995), (77.038452, 0.12396000000000001), (79.021172, 0.009689999999999999), (79.054108, 0.09526), (81.033447, 0.00359), (92.025574, 0.16486), (92.049347, 0.02905), (95.049049, 0.43603000000000003), (95.054955, 0.00658), (95.063148, 0.00363), (105.04467, 0.14279999999999998), (107.049103, 0.19676), (119.060524, 0.00891), (125.038017, 0.00542), (125.059624, 0.97643), (125.076889, 0.00659), (125.081139, 0.00788), (131.060394, 0.01075), (135.044067, 1.0), (135.055206, 0.19445), (159.091721, 0.07442), (182.08403, 0.08375), (210.078903, 0.028050000000000002), (225.102539, 0.046689999999999995)]","[(51.022896, 0.00219), (53.038311, 0.01006), (77.038223, 0.02322), (79.053795, 0.02396), (92.025269, 0.0354), (95.048721, 0.09147), (95.055557, 0.00196), (105.04425, 0.03778), (107.048691, 0.08671), (121.064293, 0.00314), (125.059219, 0.36631), (125.06926, 0.00418), (125.075798, 0.0049499999999999995), (125.080528, 0.00381), (133.064377, 0.01637), (135.030228, 0.0046500000000000005), (135.043594, 1.0), (135.054825, 0.09169000000000001), (135.063492, 0.0097), (135.068085, 0.00866), (135.075089, 0.0033900000000000002), (135.08075, 0.00242), (136.047012, 0.0039700000000000004), (158.05925, 0.00168)]"
MassSpecGymID0004904,MassSpecGymID0005538,1.0,0.9275466018057328,0.4275466018057328,0.564882218837738,0.06488221883773804,0.36266438296799475,CC(C)CCCCCCCOP(=O)(Oc1ccccc1)Oc1ccccc1,CCC(CCC(C)O)COP(=O)(Oc1ccccc1)Oc1ccccc1,391.2033,379.1669,12.036400000000015,"[(51.0235, 0.05905905905905906), (55.0541, 0.012012012012012012), (57.0697, 0.13213213213213212), (77.0387, 1.0), (95.0491, 0.15615615615615616), (129.0088, 0.01001001001001001), (151.0537, 0.026026026026026026), (152.0614, 0.2122122122122122), (153.0695, 0.19519519519519518), (154.0716, 0.016016016016016016), (157.0035, 0.009009009009009009), (168.0574, 0.03903903903903904), (175.0144, 0.13413413413413414), (176.0201, 0.011011011011011011), (215.0243, 0.11311311311311312), (233.0365, 0.03003003003003003), (251.0448, 0.044044044044044044)]","[(51.0234, 0.06606606606606606), (55.0548, 0.09009009009009009), (65.038, 0.02002002002002002), (69.07, 0.17217217217217218), (77.0387, 1.0), (95.049, 0.09509509509509509), (151.0545, 0.025025025025025027), (152.0621, 0.24124124124124124), (153.0703, 0.16016016016016016), (157.0048, 0.043043043043043044), (168.0562, 0.016016016016016016), (175.0154, 0.13413413413413414), (215.0255, 0.11611611611611612), (251.0468, 0.057057057057057055)]"
MassSpecGymID0004786,MassSpecGymID0005447,1.0,0.8598915826428585,0.3598915826428585,0.5028799176216125,0.002879917621612549,0.3570116650212459,Cc1ccccc1OP(=O)(Oc1ccccc1C)Oc1ccccc1C,Cc1ccc(OP(=O)(Oc2ccc(C)cc2)Oc2ccc(C)cc2)cc1,369.125,369.125,0.0,"[(51.0231, 0.021021021021021023), (63.0234, 0.042042042042042045), (65.0386, 0.9409409409409409), (77.0384, 0.057057057057057055), (79.0542, 0.023023023023023025), (91.0539, 1.0), (92.0575, 0.02002002002002002), (115.0536, 0.06006006006006006), (128.0634, 0.01701701701701702), (141.069, 0.024024024024024024), (152.0612, 0.04504504504504504), (153.0682, 0.04904904904904905), (164.0613, 0.037037037037037035), (165.0695, 0.7707707707707707), (166.0749, 0.07907907907907907), (178.0773, 0.14114114114114115), (179.0829, 0.031031031031031032), (239.0862, 0.02702702702702703), (240.092, 0.021021021021021023), (241.103, 0.02002002002002002)]","[(51.0233, 0.023023023023023025), (65.0389, 0.6946946946946947), (77.0388, 0.21121121121121122), (79.0543, 0.11711711711711711), (90.046, 0.023023023023023025), (91.0545, 0.5965965965965966), (92.0577, 0.018018018018018018), (94.041, 0.012012012012012012), (107.0489, 0.06806806806806807), (115.0539, 0.025025025025025027), (139.0542, 0.014014014014014014), (141.0695, 0.022022022022022022), (152.0607, 0.026026026026026026), (153.0705, 0.02002002002002002), (163.0536, 0.013013013013013013), (164.0601, 0.021021021021021023), (165.0701, 1.0), (166.0754, 0.15415415415415415), (167.0845, 0.013013013013013013), (178.0775, 0.06906906906906907), (179.0848, 0.016016016016016016), (181.0632, 0.04104104104104104), (195.0801, 0.07707707707707707), (196.0865, 0.026026026026026026), (200.0382, 0.009009009009009009), (239.0847, 0.035035035035035036), (240.0933, 0.018018018018018018)]"
MassSpecGymID0002934,MassSpecGymID0003941,1.0,0.9955922125190112,0.4955922125190112,0.6403059959411621,0.1403059959411621,0.3552862165778491,O=P(Oc1ccccc1)(Oc1ccccc1)Oc1cccc(O)c1,O=P(Oc1ccccc1)(Oc1ccccc1)Oc1ccc(O)cc1,343.073,343.073,0.0,"[(65.0388, 0.01001001001001001), (77.0387, 0.008008008008008008), (93.0331, 0.007007007007007007), (95.0505, 0.002002002002002002), (111.0458, 0.002002002002002002), (115.0528, 0.001001001001001001), (141.0695, 0.015015015015015015), (152.0624, 0.001001001001001001), (153.0699, 0.007007007007007007), (168.0562, 0.002002002002002002), (169.0636, 0.006006006006006006), (184.0501, 0.001001001001001001), (215.025, 0.004004004004004004), (226.0785, 0.001001001001001001), (227.0823, 0.003003003003003003), (231.021, 0.015015015015015015), (233.0365, 0.005005005005005005), (249.0316, 0.01001001001001001), (251.0469, 0.01001001001001001), (267.0437, 0.003003003003003003), (307.0522, 0.001001001001001001), (325.0633, 0.003003003003003003), (343.0737, 1.0)]","[(77.039, 0.006006006006006006), (93.0338, 0.003003003003003003), (109.0286, 0.006006006006006006), (111.0451, 0.003003003003003003), (141.0108, 0.004004004004004004), (141.0694, 0.018018018018018018), (153.0692, 0.006006006006006006), (169.065, 0.004004004004004004), (170.0728, 0.002002002002002002), (175.0163, 0.002002002002002002), (202.076, 0.002002002002002002), (215.0247, 0.006006006006006006), (217.1007, 0.003003003003003003), (231.0219, 0.01001001001001001), (233.0359, 0.008008008008008008), (245.0933, 0.004004004004004004), (249.0325, 0.01701701701701702), (251.0442, 0.006006006006006006), (267.0422, 0.009009009009009009), (325.063, 0.005005005005005005), (343.0736, 1.0)]"
MassSpecGymID0004793,MassSpecGymID0005470,1.0,0.8598915826428585,0.3598915826428585,0.5086193084716797,0.008619308471679688,0.3512722741711788,Cc1ccccc1OP(=O)(Oc1ccccc1C)Oc1ccccc1C,Cc1ccc(OP(=O)(Oc2ccc(C)cc2)Oc2ccc(C)cc2)cc1,369.1250221008,369.125,2.210079998121728e-05,"[(65.038577, 0.14614614614614616), (91.054227, 1.0), (91.088243, 0.022022022022022022), (105.069877, 0.015015015015015015), (107.049141, 0.04904904904904905), (109.064791, 0.013013013013013013), (115.054227, 0.012012012012012012), (121.064791, 0.01701701701701702), (141.069877, 0.026026026026026026), (152.062052, 0.011011011011011011), (153.009992, 0.03403403403403404), (153.069877, 0.025025025025025027), (165.069877, 0.3233233233233233), (166.077702, 0.28128128128128127), (169.101177, 0.012012012012012012), (178.077702, 0.07607607607607608), (179.085527, 0.08808808808808809), (181.101177, 0.031031031031031032), (182.072616, 0.012012012012012012), (189.031122, 0.013013013013013013), (195.080441, 0.014014014014014014), (196.088266, 0.01001001001001001), (197.096091, 0.023023023023023025), (241.101177, 0.036036036036036036), (243.056943, 0.02002002002002002), (255.116827, 0.01901901901901902), (256.124652, 0.013013013013013013), (279.078072, 0.035035035035035036)]","[(65.0378, 0.05805805805805806), (77.0377, 0.012012012012012012), (79.0533, 0.022022022022022022), (91.054, 0.5095095095095095), (107.0486, 0.11911911911911911), (109.0639, 0.022022022022022022), (141.0695, 0.028028028028028028), (152.0614, 0.012012012012012012), (153.0096, 0.026026026026026026), (153.0699, 0.04504504504504504), (165.0708, 0.6786786786786787), (166.0786, 1.0), (178.0782, 0.03003003003003003), (179.0862, 0.10710710710710711), (180.0941, 0.028028028028028028), (181.1019, 0.14814814814814814), (189.0315, 0.04604604604604605), (195.081, 0.02002002002002002), (196.0892, 0.12412412412412413), (199.1125, 0.035035035035035036), (215.0641, 0.02902902902902903), (240.0952, 0.01001001001001001), (241.103, 0.09309309309309309), (243.0597, 0.8668668668668669), (255.1189, 0.056056056056056056), (256.1273, 0.17017017017017017), (261.0701, 0.2012012012012012), (279.0815, 0.3663663663663664), (333.1071, 0.021021021021021023), (351.1189, 0.012012012012012012), (369.1306, 0.5365365365365365)]"
MassSpecGymID0067783,MassSpecGymID0068435,1.0,0.9824807677949664,0.4824807677949664,0.642397403717041,0.14239740371704102,0.3400833640779254,c1ccc2nc3ccc4ccccc4c3cc2c1,c1ccc2nc3c(ccc4ccccc43)cc2c1,230.0964,230.0964,0.0,"[(229.0881, 0.002002002002002002), (230.0963, 1.0)]","[(229.0881, 0.0034831299999999996), (230.0963, 1.0)]"
MassSpecGymID0081162,MassSpecGymID0143689,1.0,0.911312191387765,0.411312191387765,0.5771370530128479,0.0771370530128479,0.3341751383749171,Cc1c(Cl)c(=O)oc2cc(O)ccc12,CCC(=O)Oc1cc2c(C)cc(=O)oc2cc1Cl,211.0156482519,267.0419,56.02625174810001,"[(131.049141, 0.023023023023023025), (132.056966, 0.012012012012012012), (211.015648, 1.0)]","[(120.0562, 0.015015015015015015), (132.0588, 0.022022022022022022), (211.0151, 1.0), (211.0484, 0.028028028028028028), (211.0619, 0.01701701701701702), (267.0398, 0.08508508508508508)]"
MassSpecGymID0004787,MassSpecGymID0005462,1.0,0.8598915826428585,0.3598915826428585,0.5367757678031921,0.03677576780319214,0.32311581483966634,Cc1ccccc1OP(=O)(Oc1ccccc1C)Oc1ccccc1C,Cc1ccc(OP(=O)(Oc2ccc(C)cc2)Oc2ccc(C)cc2)cc1,369.125,369.125,0.0,"[(63.0234, 0.02902902902902903), (65.0385, 0.8488488488488488), (77.0389, 0.03903903903903904), (79.0549, 0.01901901901901902), (91.054, 1.0), (105.0313, 0.021021021021021023), (107.0491, 0.03303303303303303), (141.0669, 0.02702702702702703), (152.0607, 0.05405405405405406), (153.068, 0.02702702702702703), (165.069, 0.6846846846846847), (166.0744, 0.11411411411411411), (178.0772, 0.13813813813813813), (179.0837, 0.04104104104104104), (181.0645, 0.02002002002002002), (182.0733, 0.018018018018018018), (239.0845, 0.025025025025025027), (240.0935, 0.02002002002002002), (241.0997, 0.031031031031031032)]","[(39.0221, 0.01001001001001001), (65.0381, 0.21121121121121122), (77.0377, 0.037037037037037035), (79.0533, 0.03303303303303303), (91.054, 0.5405405405405406), (107.0486, 0.055055055055055056), (109.0643, 0.012012012012012012), (115.0533, 0.01001001001001001), (141.0696, 0.023023023023023025), (152.0623, 0.023023023023023025), (153.0098, 0.012012012012012012), (153.07, 0.018018018018018018), (164.0623, 0.012012012012012012), (165.071, 1.0), (166.0786, 0.24224224224224225), (178.0785, 0.06006006006006006), (179.0858, 0.036036036036036036), (180.0941, 0.012012012012012012), (181.0654, 0.02902902902902903), (195.0817, 0.0970970970970971), (196.0895, 0.12412412412412413), (200.039, 0.012012012012012012), (215.0626, 0.018018018018018018), (239.0875, 0.02702702702702703), (240.0958, 0.028028028028028028), (241.103, 0.03203203203203203), (243.059, 0.07407407407407407), (255.1189, 0.02902902902902903)]"
MassSpecGymID0122562,MassSpecGymID0136394,1.0,0.9999204218663796,0.49992042186637964,0.6768174171447754,0.1768174171447754,0.32310300472160425,COC1OC2c3cc4c(cc3CCN(C)C2c2ccc3c(c21)OCO3)OCO4,CCOC1OC2c3cc4c(cc3CCN(C)C2c2ccc3c(c21)OCO3)OCO4,384.1441639,398.15981,14.01564609999997,"[(135.0432, 0.028028028028028028), (149.06058, 0.05105105105105105), (188.07091, 0.3283283283283283), (189.06583, 0.02702702702702703), (189.07655, 0.14714714714714713), (190.05067, 0.06606606606606606), (190.08633, 1.0), (191.08922, 0.17017017017017017), (205.06944, 0.024024024024024024), (223.07608, 0.035035035035035036), (233.06279, 0.02902902902902903), (235.07196, 0.04004004004004004), (235.08257, 0.03403403403403404), (247.07675, 0.036036036036036036), (263.06253, 0.031031031031031032), (263.07401, 0.07207207207207207), (275.06833, 0.02702702702702703), (276.10333, 0.05005005005005005), (291.06656, 0.06806806806806807), (293.0925, 0.026026026026026026), (294.08624, 0.023023023023023025), (294.11362, 0.024024024024024024), (303.06665, 0.24324324324324326), (304.07132, 0.043043043043043044), (308.09177, 0.042042042042042045), (319.08487, 0.02702702702702703), (320.09189, 0.30430430430430433), (321.08609, 0.02702702702702703), (321.10178, 0.07507507507507508), (322.10983, 0.06406406406406406), (324.12448, 0.03403403403403404), (334.10797, 0.34434434434434436), (335.11206, 0.1021021021021021), (337.09033, 0.03803803803803804), (352.11862, 0.47147147147147145), (353.11911, 0.12612612612612611), (353.13043, 0.04504504504504504)]","[(135.04439, 0.00647679), (149.05901, 0.02536091), (161.04393, 0.00710105), (163.07558, 0.011627), (176.06833, 0.00655482), (188.07101, 0.23316426), (189.07512, 0.0820913), (190.0408, 0.00819352), (190.04965, 0.02052282), (190.08679, 0.48568084), (191.08829, 0.0718689), (205.05847, 0.01061256), (205.06961, 0.012251270000000002), (233.05931, 0.022863829999999998), (233.06929, 0.00686695), (234.06265, 0.00795942), (235.07062, 0.02559501), (235.0882, 0.009754190000000001), (237.11198, 0.008817789999999999), (247.07655, 0.01560671), (261.04828, 0.012017169999999999), (261.06223, 0.0106906), (263.06979, 0.01810378), (264.06851, 0.00897386), (275.07355, 0.01552868), (276.09982, 0.01131487), (276.11227, 0.00678892), (279.06573, 0.00694499), (291.06784, 0.02941865), (292.10489, 0.00834959), (293.07159, 0.01490441), (293.08551, 0.01552868), (294.11148, 0.00803746), (303.0499, 0.02294187), (303.0668, 0.050175580000000004), (304.06247, 0.00944206), (304.07602, 0.00834959), (304.10077, 0.00764729), (308.08774, 0.006164650000000001), (308.10391, 0.00686695), (309.06436, 0.00850566), (309.07556, 0.00686695), (309.09854, 0.012251270000000002), (318.07315, 0.00811549), (319.0791, 0.009129930000000001), (319.08997, 0.006710890000000001), (320.0921, 0.12110808), (321.09293, 0.03753414), (321.10486, 0.01474834), (322.10757, 0.0113929), (323.08624, 0.01061256), (324.12048, 0.01732345), (334.10849, 0.14662505), (335.10443, 0.012953570000000001), (335.11429, 0.03402263), (336.09991, 0.01108076), (337.08557, 0.00873976), (337.10217, 0.01154897), (352.05429, 0.00702302), (352.07425, 0.01217323), (352.11838, 1.0), (353.12183, 0.24806867), (354.11893, 0.0237222), (354.13254, 0.01607491), (380.14432, 0.017557549999999998), (380.16092, 0.00967616), (398.12332, 0.00936403), (398.15897, 0.8084276199999999)]"
MassSpecGymID0004786,MassSpecGymID0005463,1.0,0.8598915826428585,0.3598915826428585,0.5372991561889648,0.037299156188964844,0.32259242645389363,Cc1ccccc1OP(=O)(Oc1ccccc1C)Oc1ccccc1C,Cc1ccc(OP(=O)(Oc2ccc(C)cc2)Oc2ccc(C)cc2)cc1,369.125,369.125,0.0,"[(51.0231, 0.021021021021021023), (63.0234, 0.042042042042042045), (65.0386, 0.9409409409409409), (77.0384, 0.057057057057057055), (79.0542, 0.023023023023023025), (91.0539, 1.0), (92.0575, 0.02002002002002002), (115.0536, 0.06006006006006006), (128.0634, 0.01701701701701702), (141.069, 0.024024024024024024), (152.0612, 0.04504504504504504), (153.0682, 0.04904904904904905), (164.0613, 0.037037037037037035), (165.0695, 0.7707707707707707), (166.0749, 0.07907907907907907), (178.0773, 0.14114114114114115), (179.0829, 0.031031031031031032), (239.0862, 0.02702702702702703), (240.092, 0.021021021021021023), (241.103, 0.02002002002002002)]","[(65.0379, 0.15415415415415415), (77.0377, 0.02902902902902903), (79.0534, 0.04004004004004004), (91.0538, 0.6456456456456456), (107.0486, 0.09009009009009009), (109.064, 0.01901901901901902), (141.0698, 0.03203203203203203), (152.0614, 0.023023023023023025), (153.0101, 0.02002002002002002), (153.0696, 0.036036036036036036), (165.0708, 1.0), (166.0784, 0.5775775775775776), (178.078, 0.06006006006006006), (179.0857, 0.06506506506506507), (180.0935, 0.02002002002002002), (181.0659, 0.01901901901901902), (181.1009, 0.03303303303303303), (189.0319, 0.01701701701701702), (195.0813, 0.05905905905905906), (196.0893, 0.2082082082082082), (215.063, 0.03203203203203203), (239.0871, 0.015015015015015015), (240.0955, 0.026026026026026026), (241.1027, 0.07907907907907907), (243.0591, 0.2832832832832833), (255.1188, 0.05005005005005005), (256.1267, 0.037037037037037035), (261.0693, 0.02702702702702703), (279.0809, 0.08608608608608609), (369.1288, 0.011011011011011011)]"
MassSpecGymID0004792,MassSpecGymID0005450,1.0,0.8598915826428585,0.3598915826428585,0.5408907532691956,0.04089075326919556,0.3190008293736629,Cc1ccccc1OP(=O)(Oc1ccccc1C)Oc1ccccc1C,Cc1ccc(OP(=O)(Oc2ccc(C)cc2)Oc2ccc(C)cc2)cc1,369.1250221008,369.125,2.210079998121728e-05,"[(91.054227, 0.011011011011011011), (369.125022, 1.0)]","[(91.0544, 0.014014014014014014), (107.0487, 0.004004004004004004), (165.0693, 0.016016016016016016), (166.0775, 0.02002002002002002), (181.1001, 0.006006006006006006), (196.087, 0.004004004004004004), (243.0554, 0.013013013013013013), (261.0667, 0.013013013013013013), (279.0797, 0.003003003003003003), (369.1245, 1.0)]"
MassSpecGymID0004785,MassSpecGymID0005443,1.0,0.8598915826428585,0.3598915826428585,0.5416705012321472,0.04167050123214722,0.31822108141071126,Cc1ccccc1OP(=O)(Oc1ccccc1C)Oc1ccccc1C,Cc1ccc(OP(=O)(Oc2ccc(C)cc2)Oc2ccc(C)cc2)cc1,369.125,369.125,0.0,"[(65.0382, 0.013013013013013013), (91.0544, 0.3633633633633634), (92.0585, 0.018018018018018018), (107.0485, 0.03203203203203203), (121.0644, 0.012012012012012012), (153.0107, 0.018018018018018018), (153.0691, 0.01901901901901902), (165.0694, 0.14514514514514515), (166.0772, 0.24724724724724725), (167.0248, 0.013013013013013013), (167.0804, 0.016016016016016016), (178.0781, 0.02002002002002002), (179.0855, 0.09009009009009009), (180.091, 0.009009009009009009), (181.1004, 0.11711711711711711), (182.1034, 0.014014014014014014), (187.0148, 0.01001001001001001), (189.0308, 0.06706706706706707), (197.0951, 0.06106106106106106), (199.1098, 0.009009009009009009), (241.1011, 0.026026026026026026), (243.0569, 0.04804804804804805), (256.1246, 0.05305305305305305), (261.0673, 0.08308308308308308), (271.1469, 0.02902902902902903), (277.0616, 0.036036036036036036), (279.0783, 0.08308308308308308), (351.1129, 0.01001001001001001), (369.125, 1.0)]","[(65.0387, 0.018018018018018018), (91.0543, 0.1091091091091091), (107.0489, 0.05205205205205205), (153.0699, 0.016016016016016016), (165.0697, 0.14314314314314314), (166.0775, 0.2002002002002002), (167.0801, 0.021021021021021023), (179.0847, 0.01901901901901902), (181.101, 0.05305305305305305), (189.0303, 0.018018018018018018), (196.0881, 0.011011011011011011), (199.111, 0.015015015015015015), (241.1, 0.01701701701701702), (243.0563, 0.15915915915915915), (244.0609, 0.016016016016016016), (256.1234, 0.04604604604604605), (261.0671, 0.0890890890890891), (262.0691, 0.011011011011011011), (279.0777, 0.06106106106106106), (369.1244, 1.0)]"
MassSpecGymID0004780,MassSpecGymID0005451,1.0,0.8598915826428585,0.3598915826428585,0.542499303817749,0.04249930381774902,0.31739227882510945,Cc1ccccc1OP(=O)(Oc1ccccc1C)Oc1ccccc1C,Cc1ccc(OP(=O)(Oc2ccc(C)cc2)Oc2ccc(C)cc2)cc1,369.125,369.125,0.0,"[(65.0381, 0.004004004004004004), (91.0541, 0.011011011011011011), (153.0687, 0.003003003003003003), (165.0693, 0.006006006006006006), (166.0777, 0.012012012012012012), (277.0628, 0.003003003003003003), (369.1251, 1.0)]","[(65.039, 0.001001001001001001), (91.0538, 0.005005005005005005), (107.0491, 0.003003003003003003), (165.0694, 0.01001001001001001), (166.078, 0.01001001001001001), (181.1009, 0.003003003003003003), (189.0306, 0.001001001001001001), (196.0916, 0.001001001001001001), (243.0558, 0.007007007007007007), (256.1256, 0.001001001001001001), (261.0661, 0.007007007007007007), (279.0775, 0.003003003003003003), (369.1246, 1.0)]"
MassSpecGymID0029501,MassSpecGymID0039732,1.0,0.9983453285452312,0.49834532854523117,0.6809679269790649,0.18096792697906494,0.31737740156616623,c1ccc2c(c1)[nH]c1ncccc12,c1ccc2c(c1)[nH]c1ccncc12,169.076,169.076,0.0,"[(115.0537, 0.13313313313313313), (116.0565, 0.013013013013013013), (140.048, 0.014014014014014014), (141.0553, 0.014014014014014014), (142.0637, 0.06706706706706707), (143.067, 0.006006006006006006), (167.0585, 0.007007007007007007), (168.0668, 0.11011011011011011), (169.0748, 1.0), (170.0777, 0.1001001001001001), (171.0808, 0.005005005005005005)]","[(115.0537, 0.13313313313313313), (116.0565, 0.013013013013013013), (140.048, 0.014014014014014014), (141.0553, 0.014014014014014014), (142.0637, 0.06706706706706707), (143.067, 0.006006006006006006), (167.0585, 0.007007007007007007), (168.0668, 0.11011011011011011), (169.0748, 1.0), (170.0777, 0.1001001001001001), (171.0808, 0.005005005005005005)]"
MassSpecGymID0029509,MassSpecGymID0039728,1.0,0.9983453285452312,0.49834532854523117,0.6821480393409729,0.1821480393409729,0.31619728920425827,c1ccc2c(c1)[nH]c1ncccc12,c1ccc2c(c1)[nH]c1ccncc12,169.076,169.076,0.0,"[(113.0381, 0.04100408), (114.0338, 0.0115902), (114.0459, 0.08053086999999999), (115.0538, 0.26862839), (116.0507, 0.03401393), (117.0568, 0.042721600000000005), (125.0376, 0.00661782), (128.0486, 0.02949796), (129.0444, 0.012262789999999999), (129.0562, 0.009596440000000001), (139.0412, 0.00941629), (140.0488, 0.90793899), (141.0561, 0.52803267), (142.0533, 0.08232044), (142.0595, 0.07338458), (143.0582, 0.01160221), (152.0484, 0.008011049999999999), (153.0436, 0.0060773500000000005), (165.043, 0.00584915), (166.0518, 0.04942349), (167.0593, 0.16814796999999998), (168.0674, 1.0), (169.0731, 0.20595724), (170.0768, 0.02416527)]","[(113.0381, 0.04004004004004004), (114.0338, 0.011011011011011011), (114.0459, 0.08008008008008008), (115.0538, 0.2682682682682683), (116.0507, 0.03303303303303303), (117.0568, 0.042042042042042045), (125.0376, 0.006006006006006006), (128.0486, 0.02902902902902903), (129.0444, 0.012012012012012012), (129.0562, 0.009009009009009009), (139.0412, 0.009009009009009009), (140.0488, 0.9079079079079079), (141.0561, 0.5275275275275275), (142.0533, 0.08208208208208208), (142.0595, 0.07307307307307308), (143.0582, 0.011011011011011011), (152.0484, 0.008008008008008008), (153.0436, 0.006006006006006006), (165.043, 0.005005005005005005), (166.0518, 0.04904904904904905), (167.0593, 0.16716716716716717), (168.0674, 1.0), (169.0731, 0.20520520520520522), (170.0768, 0.024024024024024024)]"
MassSpecGymID0004779,MassSpecGymID0005450,1.0,0.8598915826428585,0.3598915826428585,0.543821394443512,0.04382139444351196,0.3160701881993465,Cc1ccccc1OP(=O)(Oc1ccccc1C)Oc1ccccc1C,Cc1ccc(OP(=O)(Oc2ccc(C)cc2)Oc2ccc(C)cc2)cc1,369.125,369.125,0.0,"[(91.0544, 0.03003003003003003), (165.0699, 0.014014014014014014), (166.0773, 0.025025025025025027), (179.0845, 0.006006006006006006), (181.0998, 0.011011011011011011), (189.0316, 0.006006006006006006), (256.1247, 0.012012012012012012), (261.0665, 0.011011011011011011), (277.0619, 0.006006006006006006), (279.0796, 0.005005005005005005), (369.1251, 1.0)]","[(91.0544, 0.014014014014014014), (107.0487, 0.004004004004004004), (165.0693, 0.016016016016016016), (166.0775, 0.02002002002002002), (181.1001, 0.006006006006006006), (196.087, 0.004004004004004004), (243.0554, 0.013013013013013013), (261.0667, 0.013013013013013013), (279.0797, 0.003003003003003003), (369.1245, 1.0)]"
MassSpecGymID0004783,MassSpecGymID0005453,1.0,0.8598915826428585,0.3598915826428585,0.5526578426361084,0.0526578426361084,0.3072337400067501,Cc1ccccc1OP(=O)(Oc1ccccc1C)Oc1ccccc1C,Cc1ccc(OP(=O)(Oc2ccc(C)cc2)Oc2ccc(C)cc2)cc1,369.125,369.125,0.0,"[(65.0388, 0.006006006006006006), (91.0538, 0.09109109109109109), (107.0486, 0.01001001001001001), (153.0096, 0.004004004004004004), (153.0699, 0.007007007007007007), (165.0691, 0.03403403403403404), (166.077, 0.08008008008008008), (167.0816, 0.004004004004004004), (178.0771, 0.005005005005005005), (179.0853, 0.021021021021021023), (180.0912, 0.004004004004004004), (181.1006, 0.03903903903903904), (182.1056, 0.003003003003003003), (187.0151, 0.004004004004004004), (189.0304, 0.02002002002002002), (197.0948, 0.013013013013013013), (241.0991, 0.007007007007007007), (243.0568, 0.014014014014014014), (244.0587, 0.003003003003003003), (256.1234, 0.021021021021021023), (261.0674, 0.028028028028028028), (262.0691, 0.004004004004004004), (271.1475, 0.006006006006006006), (277.0618, 0.012012012012012012), (279.0785, 0.023023023023023025), (351.1118, 0.003003003003003003), (369.125, 1.0)]","[(65.0388, 0.006006006006006006), (91.0539, 0.02702702702702703), (107.0492, 0.015015015015015015), (165.0696, 0.03203203203203203), (166.0773, 0.06706706706706707), (181.1007, 0.014014014014014014), (189.0307, 0.005005005005005005), (199.1119, 0.005005005005005005), (243.0566, 0.042042042042042045), (256.124, 0.021021021021021023), (261.0672, 0.03203203203203203), (279.0783, 0.023023023023023025), (369.1246, 1.0)]"
MassSpecGymID0190069,MassSpecGymID0193253,1.0,0.8852768375622948,0.3852768375622948,0.5858534574508667,0.0858534574508667,0.2994233801114281,CCC1CC2CCC(O2)C(C)C(=O)OC(C)CC2CCC(O2)C(C)C(=O)OC(CC)CC2CCC(O2)C(C)C(=O)OC(C)CC2CCC(O2)C(C)C(=O)O1,CCC1CC2CCC(O2)C(C)C(=O)OC(C)CC2CCC(O2)C(C)C(=O)OC(C)CC2CCC(O2)C(C)C(=O)OC(C)CC2CCC(O2)C(C)C(=O)O1,765.47835,751.4627,14.015649999999937,"[(55.054092, 0.43711), (67.054001, 0.48488), (69.033211, 0.35388), (69.069641, 0.22047), (71.048882, 0.19397999999999999), (79.05394, 0.49823), (81.069595, 0.71474), (83.048859, 0.23544), (83.085281, 0.27615), (91.054016, 0.17456), (93.069641, 1.0), (95.049171, 0.07658000000000001), (97.064636, 0.17651), (97.100998, 0.43772), (107.085289, 0.6557), (111.080193, 0.59369), (121.101021, 0.33845), (125.05941, 0.33999), (125.095833, 0.66226), (135.117401, 0.08346), (139.111313, 0.12344), (143.071121, 0.08236), (167.106873, 0.10833999999999999), (173.542267, 0.09584)]","[(55.054031, 0.20961), (67.05394, 0.29118), (69.033195, 0.30643), (69.069595, 0.13082000000000002), (71.048882, 0.08616), (77.038368, 0.04167), (79.053925, 0.15710000000000002), (81.069565, 0.17697), (83.048828, 0.09602000000000001), (83.085236, 0.24162), (91.053917, 0.14009), (93.069557, 1.0), (95.048927, 0.05727), (97.064415, 0.09591), (97.101006, 0.08667), (107.08519, 0.18716000000000002), (111.080109, 0.71273), (121.100876, 0.3071), (125.059448, 0.24318), (125.095901, 0.18041000000000001), (139.111221, 0.05652), (143.069885, 0.07886), (149.095886, 0.05027), (167.106567, 0.11922)]"
MassSpecGymID0067786,MassSpecGymID0068433,1.0,0.9824807677949664,0.4824807677949664,0.6866244673728943,0.1866244673728943,0.2958563004220721,c1ccc2nc3ccc4ccccc4c3cc2c1,c1ccc2nc3c(ccc4ccccc43)cc2c1,230.0964,230.0964,0.0,"[(229.0881, 0.00253585), (230.0963, 1.0)]","[(229.0881, 0.003003003003003003), (230.0963, 1.0)]"
MassSpecGymID0004794,MassSpecGymID0005443,1.0,0.8598915826428585,0.3598915826428585,0.5691696405410767,0.06916964054107666,0.2907219421017818,Cc1ccccc1OP(=O)(Oc1ccccc1C)Oc1ccccc1C,Cc1ccc(OP(=O)(Oc2ccc(C)cc2)Oc2ccc(C)cc2)cc1,369.1250221008,369.125,2.210079998121728e-05,"[(91.054227, 0.1001001001001001), (107.049141, 0.01001001001001001), (165.069877, 0.03403403403403404), (166.077702, 0.08408408408408409), (179.085527, 0.026026026026026026), (181.101177, 0.04504504504504504), (189.031122, 0.02702702702702703), (197.096091, 0.014014014014014014), (243.056943, 0.018018018018018018), (256.124652, 0.028028028028028028), (261.067507, 0.04104104104104104), (277.062422, 0.015015015015015015), (279.078072, 0.03203203203203203), (369.125022, 1.0)]","[(65.0387, 0.018018018018018018), (91.0543, 0.1091091091091091), (107.0489, 0.05205205205205205), (153.0699, 0.016016016016016016), (165.0697, 0.14314314314314314), (166.0775, 0.2002002002002002), (167.0801, 0.021021021021021023), (179.0847, 0.01901901901901902), (181.101, 0.05305305305305305), (189.0303, 0.018018018018018018), (196.0881, 0.011011011011011011), (199.111, 0.015015015015015015), (241.1, 0.01701701701701702), (243.0563, 0.15915915915915915), (244.0609, 0.016016016016016016), (256.1234, 0.04604604604604605), (261.0671, 0.0890890890890891), (262.0691, 0.011011011011011011), (279.0777, 0.06106106106106106), (369.1244, 1.0)]"
MassSpecGymID0004782,MassSpecGymID0005452,1.0,0.8598915826428585,0.3598915826428585,0.571867823600769,0.07186782360076904,0.28802375904208943,Cc1ccccc1OP(=O)(Oc1ccccc1C)Oc1ccccc1C,Cc1ccc(OP(=O)(Oc2ccc(C)cc2)Oc2ccc(C)cc2)cc1,369.125,369.125,0.0,"[(65.0384, 0.1091091091091091), (91.0543, 1.0), (92.0575, 0.037037037037037035), (105.0703, 0.02902902902902903), (107.0484, 0.08308308308308308), (121.0653, 0.023023023023023025), (141.0697, 0.02702702702702703), (153.0098, 0.03303303303303303), (153.0689, 0.05105105105105105), (165.0698, 0.3863863863863864), (166.0772, 0.6146146146146146), (167.081, 0.04504504504504504), (169.101, 0.015015015015015015), (178.0775, 0.08008008008008008), (179.0849, 0.1961961961961962), (180.0908, 0.024024024024024024), (181.1008, 0.18218218218218218), (187.0132, 0.01701701701701702), (189.0301, 0.11511511511511512), (197.0961, 0.08108108108108109), (198.0988, 0.015015015015015015), (241.1003, 0.036036036036036036), (243.0566, 0.1001001001001001), (255.1166, 0.03303303303303303), (256.1237, 0.12412412412412413), (257.1273, 0.015015015015015015), (261.0669, 0.14614614614614616), (271.1472, 0.01701701701701702), (277.0604, 0.04004004004004004), (279.0784, 0.2172172172172172), (369.1251, 0.4874874874874875)]","[(65.0393, 0.06906906906906907), (77.0389, 0.025025025025025027), (79.0538, 0.07007007007007007), (91.0543, 0.4964964964964965), (92.058, 0.021021021021021023), (105.0691, 0.013013013013013013), (107.0488, 0.3163163163163163), (108.0542, 0.018018018018018018), (109.0647, 0.031031031031031032), (141.0702, 0.037037037037037035), (153.0083, 0.021021021021021023), (153.0706, 0.05905905905905906), (154.0177, 0.02002002002002002), (165.0695, 0.5015015015015015), (166.0773, 0.8968968968968969), (167.0814, 0.057057057057057055), (171.0183, 0.014014014014014014), (178.0758, 0.012012012012012012), (179.0852, 0.07007007007007007), (180.0936, 0.042042042042042045), (181.1013, 0.14914914914914915), (182.1046, 0.022022022022022022), (189.0301, 0.036036036036036036), (196.0877, 0.057057057057057055), (197.0947, 0.01901901901901902), (199.112, 0.036036036036036036), (215.0615, 0.01701701701701702), (229.0984, 0.016016016016016016), (241.1016, 0.055055055055055056), (243.0567, 0.6046046046046046), (244.0608, 0.05005005005005005), (255.1157, 0.04804804804804805), (256.1237, 0.16516516516516516), (257.1267, 0.022022022022022022), (261.0671, 0.2032032032032032), (262.0697, 0.03003003003003003), (271.1498, 0.016016016016016016), (279.0774, 0.2672672672672673), (280.0822, 0.021021021021021023), (351.112, 0.013013013013013013), (369.1247, 1.0)]"
MassSpecGymID0232803,MassSpecGymID0234613,1.0,0.9649333965885332,0.46493339658853317,0.6818321347236633,0.18183213472366333,0.28310126186486984,CCOc1ccc2[nH]c(SCCN3CCOCC3)nc2c1,C=CC(=O)Nc1cc2c(Nc3ccc(OCc4ccccn4)c(Cl)c3)ncnc2cc1OCCN1CCOCC1,308.14272,561.20116,253.05843999999996,"[(41.038525, 0.005719999999999999), (42.033798, 0.06152), (45.033443, 0.013879999999999998), (56.049614, 0.0048), (58.06501, 0.00823), (68.049362, 0.00857), (70.06498, 0.24495), (84.080658, 0.08683), (85.052094, 0.0042), (86.096268, 0.02913), (114.091286, 1.0), (114.099266, 0.01381), (114.105843, 0.01164), (114.109612, 0.00766), (193.043442, 0.009689999999999999), (221.074707, 0.007019999999999999)]","[(68.049126, 0.008100000000000001), (70.064919, 0.12729), (84.080582, 0.054509999999999996), (86.096252, 0.01662), (114.091209, 1.0), (114.099174, 0.0158), (114.109833, 0.006710000000000001)]"
MassSpecGymID0227095,MassSpecGymID0227554,1.0,0.9635663986131404,0.4635663986131404,0.6821045875549316,0.18210458755493164,0.2814618110582088,CC(CN(C)C)CN1c2ccccc2Sc2ccccc21,CC(CN(C)C)CN1c2ccccc2Sc2ccc(C#N)cc21,299.15765,324.1529,24.99525,"[(42.033749, 0.01858), (43.041561, 0.005540000000000001), (44.049351, 0.01312), (55.0541, 0.0027700000000000003), (56.049301, 0.004079999999999999), (58.061176, 0.00622), (58.064926, 1.0), (58.068356, 0.020569999999999998), (58.070118, 0.021419999999999998), (58.071716, 0.01058), (58.073879, 0.00383), (70.06485, 0.0023899999999999998), (71.072746, 0.00563), (85.088295, 0.00949), (100.111809, 0.24645), (100.118576, 0.0035299999999999997), (124.021339, 0.0021), (179.073135, 0.01699), (180.06192, 0.0028899999999999998), (180.080902, 0.10398999999999999), (180.099289, 0.00268), (198.037186, 0.0025700000000000002), (199.045334, 0.0144), (206.097, 0.0028899999999999998), (212.053253, 0.05672), (212.076523, 0.0023499999999999997), (220.112717, 0.00307), (221.120682, 0.0028699999999999997)]","[(42.033966, 0.01882), (42.036152, 0.00039), (43.041817, 0.0025900000000000003), (44.049587, 0.01054), (46.065254, 0.0013900000000000002), (55.054287, 0.00366), (56.049545, 0.0059299999999999995), (57.057388, 0.00084), (57.069927, 0.00181), (58.03894, 0.00037), (58.05629, 0.00124), (58.058247, 0.00438), (58.06514, 1.0), (58.070465, 0.010780000000000001), (58.071873, 0.00857), (58.073925, 0.00344), (58.07584, 0.00198), (58.077736, 0.00113), (70.065163, 0.0032400000000000003), (71.072975, 0.0064800000000000005), (72.080856, 0.00201), (84.080887, 0.0014000000000000002), (85.088661, 0.010209999999999999), (91.054214, 0.00089), (100.096657, 0.00089), (100.112122, 0.17787), (100.124321, 0.00147), (100.127449, 0.0014199999999999998), (100.131882, 0.00055), (105.044945, 0.00035999999999999997), (109.011108, 0.00042), (129.069946, 0.00098), (130.066071, 0.00042), (130.077759, 0.00203), (131.06076, 0.00046), (131.085724, 0.00052), (144.080795, 0.00077), (145.088409, 0.00043), (148.021622, 0.00037999999999999997), (149.017075, 0.0006), (156.080963, 0.00041), (161.016495, 0.00049), (169.076248, 0.00042), (173.016983, 0.00048), (178.065979, 0.00034), (192.068924, 0.0007099999999999999), (193.076309, 0.00079), (203.060699, 0.0012), (204.06868, 0.013600000000000001), (205.031158, 0.00079), (205.040009, 0.00048), (205.076431, 0.11814999999999999), (205.12146, 0.00082), (205.134735, 0.00037999999999999997), (210.037643, 0.0028399999999999996), (218.084274, 0.001), (219.092224, 0.00055), (221.071518, 0.00227), (223.032974, 0.00334), (224.016479, 0.00035000000000000005), (224.040771, 0.0027600000000000003), (231.092102, 0.00251), (236.040787, 0.00067), (237.048645, 0.052939999999999994), (245.107773, 0.00189), (246.115219, 0.00106), (249.048279, 0.0013800000000000002), (250.056305, 0.0008), (251.064713, 0.0008500000000000001), (263.064606, 0.0014099999999999998), (264.071167, 0.0007599999999999999), (279.096313, 0.00048)]"
MassSpecGymID0005444,MassSpecGymID0008629,1.0,0.8762726450544929,0.37627264505449287,0.5959885716438293,0.09598857164382935,0.2802840734106635,Cc1ccc(OP(=O)(Oc2ccc(C)cc2)Oc2ccc(C)cc2)cc1,Cc1cccc(OP(=O)(Oc2cccc(C)c2)Oc2cccc(C)c2)c1,369.125,369.125,0.0,"[(57.0686, 0.006006006006006006), (63.0241, 0.01001001001001001), (65.0388, 0.24324324324324326), (77.0388, 0.07807807807807808), (79.0541, 0.15815815815815815), (90.0456, 0.018018018018018018), (91.0543, 1.0), (93.0707, 0.005005005005005005), (103.0548, 0.005005005005005005), (105.0697, 0.006006006006006006), (107.0489, 0.23023023023023023), (108.0564, 0.013013013013013013), (109.0633, 0.04104104104104104), (115.0541, 0.012012012012012012), (119.0841, 0.004004004004004004), (128.0634, 0.005005005005005005), (129.0689, 0.008008008008008008), (141.0695, 0.04504504504504504), (142.077, 0.006006006006006006), (152.0602, 0.015015015015015015), (153.01, 0.01901901901901902), (153.0689, 0.01901901901901902), (154.0152, 0.018018018018018018), (154.0748, 0.01001001001001001), (164.0607, 0.01001001001001001), (165.07, 0.9029029029029029), (166.0769, 0.5365365365365365), (167.0808, 0.06106106106106106), (171.0193, 0.01001001001001001), (177.07, 0.004004004004004004), (178.0768, 0.031031031031031032), (179.0851, 0.062062062062062065), (180.0922, 0.02702702702702703), (181.0631, 0.021021021021021023), (181.1008, 0.009009009009009009), (182.0693, 0.007007007007007007), (184.0877, 0.005005005005005005), (187.019, 0.008008008008008008), (189.0314, 0.014014014014014014), (190.0771, 0.005005005005005005), (195.0795, 0.03903903903903904), (196.0871, 0.15215215215215216), (200.0371, 0.007007007007007007), (215.0616, 0.016016016016016016), (216.0658, 0.006006006006006006), (240.0922, 0.03203203203203203), (241.1005, 0.06606606606606606), (242.1048, 0.013013013013013013), (243.057, 0.1841841841841842), (244.059, 0.022022022022022022), (255.1148, 0.026026026026026026), (256.1234, 0.04104104104104104), (257.1261, 0.006006006006006006), (261.0672, 0.015015015015015015), (279.078, 0.04704704704704705), (280.0807, 0.004004004004004004)]","[(65.0388, 0.23523523523523523), (77.0387, 0.03203203203203203), (79.0554, 0.02002002002002002), (89.0379, 0.01001001001001001), (91.0544, 1.0), (107.0476, 0.036036036036036036), (109.065, 0.028028028028028028), (115.0521, 0.014014014014014014), (121.0655, 0.006006006006006006), (141.0709, 0.03903903903903904), (142.0786, 0.009009009009009009), (152.0626, 0.016016016016016016), (153.0076, 0.014014014014014014), (153.0682, 0.035035035035035036), (154.0775, 0.01001001001001001), (165.0696, 0.8998998998998999), (166.0769, 0.5325325325325325), (167.0812, 0.06706706706706707), (168.0919, 0.008008008008008008), (178.0764, 0.04904904904904905), (179.0848, 0.06106106106106106), (180.0919, 0.022022022022022022), (181.063, 0.01701701701701702), (181.1001, 0.026026026026026026), (184.0868, 0.007007007007007007), (187.0164, 0.009009009009009009), (195.0799, 0.05805805805805806), (196.0879, 0.16516516516516516), (197.0505, 0.009009009009009009), (197.0946, 0.01701701701701702), (211.0274, 0.006006006006006006), (215.0596, 0.016016016016016016), (216.092, 0.007007007007007007), (239.0867, 0.007007007007007007), (240.0934, 0.013013013013013013), (241.101, 0.04504504504504504), (242.1058, 0.01001001001001001), (243.0567, 0.15615615615615616), (243.1144, 0.009009009009009009), (244.0614, 0.025025025025025027), (253.0996, 0.007007007007007007), (254.109, 0.011011011011011011), (255.1153, 0.022022022022022022), (256.124, 0.025025025025025027), (261.0664, 0.009009009009009009), (279.0784, 0.04004004004004004)]"
MassSpecGymID0231280,MassSpecGymID0238594,1.0,0.9208212195320404,0.42082121953204044,0.6417991518974304,0.14179915189743042,0.27902206763461,CCCCCCCCCCCCCCCC(=O)OC1C(SC)OC(C(NC(=O)C2CC(CCC)CN2C)C(C)Cl)C(O)C1O,CCCC1CC(C(=O)NC(C(C)Cl)C2OC(SC)C(OP(=O)(O)O)C(O)C2O)N(C)C1,663.41681,505.15348,158.26333000000005,"[(126.127609, 1.0), (126.136429, 0.0172), (289.641632, 0.02036), (663.418274, 0.08039)]","[(126.127563, 1.0), (505.154236, 0.09474)]"
MassSpecGymID0021844,MassSpecGymID0023743,1.0,0.9464467859218868,0.4464467859218868,0.6692584156990051,0.16925841569900513,0.2771883702228817,Cc1cccc(C)c1N(Cn1cccn1)C(=O)CS(=O)(=O)O,Cc1cccc(C)c1N(Cn1cccn1)C(=O)C(=O)O,324.1013,274.1186,49.982699999999966,"[(134.0956, 1.0), (135.0987, 0.05905905905905906)]","[(117.0573, 0.031031031031031032), (118.0644, 0.1031031031031031), (119.0726, 0.08308308308308308), (132.0789, 0.07107107107107107), (133.084, 0.022022022022022022), (134.0958, 1.0), (135.0993, 0.06506506506506507)]"
MassSpecGymID0216684,MassSpecGymID0237309,1.0,0.8530911297389677,0.3530911297389677,0.5783425569534302,0.07834255695343018,0.27474857278553755,CCOc1ccc(C(CNC(=O)c2ccc(OC)cc2)c2c[nH]c3ccccc23)cc1OC,Clc1ccc2ncnc(NCc3ccc4c(c3)OCO4)c2c1,445.21218,314.06908,131.1431,"[(51.022701, 0.00219), (53.03833, 0.00414), (77.038292, 0.01107), (79.053848, 0.00808), (92.025429, 0.01325), (95.04879, 0.036840000000000005), (105.044342, 0.014190000000000001), (107.048767, 0.0088), (125.059296, 0.04224), (130.064804, 0.0014399999999999999), (135.019363, 0.00328), (135.030182, 0.00398), (135.043655, 1.0), (135.054611, 0.04638), (135.063309, 0.01107), (135.067947, 0.00853), (135.075027, 0.0034899999999999996), (135.081223, 0.00212), (135.094864, 0.0013700000000000001), (136.047256, 0.00312), (142.064911, 0.00099), (149.059464, 0.0046500000000000005), (151.038528, 0.0051600000000000005), (158.059769, 0.00241), (176.070145, 0.00251), (177.091446, 0.00097), (179.069946, 0.00149), (192.064438, 0.00097), (236.106598, 0.00135)]","[(51.023026, 0.00647), (53.038513, 0.0040100000000000005), (58.960506, 0.0027400000000000002), (67.054115, 0.00442), (77.038528, 0.01621), (79.021408, 0.00261), (79.0541, 0.08842), (95.049034, 0.06937), (105.033424, 0.03712), (105.044601, 0.01188), (107.049286, 0.00294), (135.044113, 1.0), (135.063324, 0.00822), (135.06839, 0.00842), (135.07489, 0.00357)]"
MassSpecGymID0004894,MassSpecGymID0005547,1.0,0.9275466018057328,0.4275466018057328,0.6603376865386963,0.1603376865386963,0.2672089152670365,CC(C)CCCCCCCOP(=O)(Oc1ccccc1)Oc1ccccc1,CCC(CCC(C)O)COP(=O)(Oc1ccccc1)Oc1ccccc1,391.2033,379.1669,12.036400000000015,"[(57.0705, 0.021021021021021023), (71.0862, 0.015015015015015015), (77.0385, 0.008008008008008008), (85.101, 0.007007007007007007), (95.0503, 0.002002002002002002), (149.0242, 0.004004004004004004), (152.0641, 0.002002002002002002), (157.0058, 0.002002002002002002), (215.0275, 0.002002002002002002), (233.035, 0.002002002002002002), (251.0466, 1.0), (252.0501, 0.07407407407407407), (391.201, 0.021021021021021023)]","[(69.0696, 0.05205205205205205), (77.0376, 0.007007007007007007), (111.1174, 0.03803803803803804), (129.1265, 0.01701701701701702), (152.0628, 0.003003003003003003), (153.0685, 0.004004004004004004), (251.0471, 1.0), (252.0509, 0.04604604604604605), (361.1522, 0.003003003003003003), (379.1668, 0.012012012012012012)]"
MassSpecGymID0215580,MassSpecGymID0239027,1.0,0.8549381656785775,0.3549381656785775,0.5897806286811829,0.08978062868118286,0.26515753699739464,N#Cc1c[nH]c2cc(OCc3ccccc3)c(OCc3ccccc3)cc2c1=O,O=c1cc(-c2ccc([N+](=O)[O-])cc2)[nH]c2c(-c3ccc(Cl)cc3)c(Cc3ccccc3)nn12,383.13902,457.10619,73.96717000000001,"[(65.038292, 0.039220000000000005), (91.046494, 0.00359), (91.053925, 1.0), (91.060242, 0.01832), (91.064049, 0.0126), (91.067238, 0.009479999999999999), (91.07106, 0.00414), (92.057266, 0.0037), (103.053925, 0.0027), (129.044617, 0.00859), (141.069901, 0.00624), (153.069946, 0.00642), (157.039597, 0.015069999999999998), (158.047409, 0.01167), (165.069977, 0.03571), (166.077835, 0.051399999999999994), (175.050323, 0.0033), (178.078522, 0.0028699999999999997), (179.08577, 0.00895), (181.101456, 0.01006), (185.034943, 0.00655), (186.04274, 0.00805), (187.050537, 0.009260000000000001), (201.030472, 0.0035499999999999998), (203.045639, 0.00551), (213.029129, 0.00431), (215.045654, 0.0128), (231.040817, 0.00411), (235.087418, 0.00298), (291.077332, 0.01536)]","[(91.053917, 1.0), (298.098297, 0.18436)]"
MassSpecGymID0221715,MassSpecGymID0237388,1.0,0.905620763898953,0.40562076389895296,0.6404841542243958,0.14048415422439575,0.2651366096745572,NC(=O)c1ncn(C2OC(CNCc3ccccc3)C(O)C2O)c1N,Nc1nnc(CNC2CC2c2ccc(OCc3ccccc3)cc2)o1,348.16663,337.1659,11.000729999999976,"[(44.04945, 0.00151), (55.017769, 0.00164), (55.029053, 0.0016200000000000001), (60.044193, 0.00507), (65.038406, 0.00795), (69.033264, 0.0034799999999999996), (72.044151, 0.00515), (84.055359, 0.0017299999999999998), (85.028084, 0.0028799999999999997), (91.05397, 1.0), (91.060043, 0.01337), (91.064316, 0.014539999999999999), (91.06707, 0.009300000000000001), (91.070999, 0.0033900000000000002), (91.07476, 0.0019), (96.044411, 0.00216), (96.055435, 0.0027700000000000003), (105.069649, 0.005410000000000001), (106.064835, 0.00222), (110.034698, 0.06929), (117.069557, 0.00203), (120.055237, 0.00291), (120.080566, 0.02257), (124.050224, 0.00232), (127.061264, 0.00392), (128.045303, 0.08891), (129.069626, 0.00376), (133.064774, 0.0020599999999999998), (138.066147, 0.00296), (140.045471, 0.0040999999999999995), (148.050629, 0.00221), (157.064728, 0.00172), (166.061172, 0.00938), (176.045609, 0.00345), (222.07579, 0.0018), (222.114182, 0.00229)]","[(43.029182, 0.0017599999999999998), (55.028957, 0.00512), (56.049347, 0.0021), (65.038452, 0.01311), (68.049355, 0.01593), (79.021149, 0.00226), (86.034737, 0.02334), (91.046852, 0.0032), (91.054077, 1.0), (91.060265, 0.01139), (91.064369, 0.01429), (91.067215, 0.009439999999999999), (91.071213, 0.00337), (91.075256, 0.00221), (98.034721, 0.005180000000000001), (107.049332, 0.00182), (117.069794, 0.00302), (118.065125, 0.00836), (119.049126, 0.00362), (120.080795, 0.00271), (132.080841, 0.01976), (133.052643, 0.00183), (133.088654, 0.00847), (144.081207, 0.00169), (146.060196, 0.021349999999999997), (148.075729, 0.04257), (152.951614, 0.0025), (160.075943, 0.022959999999999998), (161.083649, 0.01939)]"
MassSpecGymID0004790,MassSpecGymID0005449,1.0,0.8598915826428585,0.3598915826428585,0.6142279505729675,0.11422795057296753,0.24566363206989095,Cc1ccccc1OP(=O)(Oc1ccccc1C)Oc1ccccc1C,Cc1ccc(OP(=O)(Oc2ccc(C)cc2)Oc2ccc(C)cc2)cc1,369.125,369.125,0.0,"[(51.022, 0.007007007007007007), (55.0167, 0.005005005005005005), (63.0234, 0.005005005005005005), (65.0383, 0.2072072072072072), (77.0394, 0.023023023023023025), (79.0542, 0.009009009009009009), (91.054, 1.0), (105.0699, 0.018018018018018018), (107.0479, 0.06806806806806807), (109.0625, 0.009009009009009009), (115.0548, 0.009009009009009009), (119.0476, 0.008008008008008008), (121.0645, 0.01901901901901902), (141.0684, 0.03003003003003003), (153.0085, 0.03403403403403404), (153.069, 0.021021021021021023), (154.0768, 0.007007007007007007), (155.0835, 0.005005005005005005), (164.0612, 0.006006006006006006), (165.0691, 0.3893893893893894), (166.077, 0.36236236236236236), (167.0809, 0.04604604604604605), (169.1004, 0.004004004004004004), (178.0763, 0.0990990990990991), (179.0845, 0.09509509509509509), (180.0905, 0.026026026026026026), (181.0638, 0.008008008008008008), (181.0993, 0.042042042042042045), (182.0706, 0.004004004004004004), (187.0143, 0.009009009009009009), (189.0293, 0.024024024024024024), (195.0792, 0.026026026026026026), (196.0859, 0.016016016016016016), (197.0947, 0.037037037037037035), (215.08, 0.007007007007007007), (226.0754, 0.006006006006006006), (239.0836, 0.005005005005005005), (241.1007, 0.031031031031031032), (242.1043, 0.01001001001001001), (243.0563, 0.035035035035035036), (253.0969, 0.007007007007007007), (255.1167, 0.021021021021021023), (256.1237, 0.02702702702702703), (261.066, 0.007007007007007007), (277.0636, 0.006006006006006006), (279.0779, 0.042042042042042045), (280.077, 0.008008008008008008), (369.1185, 0.01001001001001001)]","[(65.0386, 0.20520520520520522), (77.0388, 0.06406406406406406), (79.0541, 0.14114114114114115), (90.0466, 0.015015015015015015), (91.0544, 1.0), (92.0577, 0.05005005005005005), (107.0487, 0.2702702702702703), (108.0544, 0.014014014014014014), (109.0648, 0.03403403403403404), (141.0698, 0.03403403403403404), (152.0612, 0.014014014014014014), (153.0097, 0.02002002002002002), (153.0689, 0.06506506506506507), (165.0696, 0.7757757757757757), (166.0771, 0.8488488488488488), (167.0799, 0.056056056056056056), (178.0764, 0.04104104104104104), (179.0843, 0.08408408408408409), (180.0932, 0.02902902902902903), (181.1001, 0.07307307307307308), (184.0874, 0.013013013013013013), (189.0296, 0.014014014014014014), (195.0793, 0.04904904904904905), (196.0876, 0.13913913913913914), (197.0922, 0.02702702702702703), (199.1116, 0.014014014014014014), (215.0614, 0.02902902902902903), (215.0815, 0.01701701701701702), (240.0909, 0.015015015015015015), (241.1018, 0.05405405405405406), (243.0562, 0.3433433433433433), (244.0608, 0.023023023023023025), (255.1162, 0.06006006006006006), (256.1243, 0.057057057057057055), (257.1281, 0.014014014014014014), (261.0658, 0.031031031031031032), (279.078, 0.15215215215215216), (280.0776, 0.018018018018018018), (369.1219, 0.043043043043043044)]"
MassSpecGymID0018694,MassSpecGymID0021846,1.0,0.9261669480344148,0.4261669480344148,0.6807103753089905,0.18071037530899048,0.24545657272542432,Cc1cccc(C)c1N(Cn1cccn1)C(=O)C[S+](C)[O-],Cc1cccc(C)c1N(Cn1cccn1)C(=O)CS(=O)(=O)O,306.1271,324.1013,17.974199999999996,"[(132.0794, 0.028560819999999997), (133.0866, 0.0138937), (134.0953, 1.0), (135.0986, 0.09939318999999999), (156.0792, 0.008507540000000001), (160.0739, 0.010822229999999999), (175.0975, 0.01858685)]","[(59.0123, 0.013013013013013013), (69.0448, 0.3613613613613614), (79.0536, 0.01701701701701702), (105.0702, 0.07007007007007007), (134.0964, 1.0), (160.0749, 0.011011011011011011)]"
MassSpecGymID0005445,MassSpecGymID0008634,1.0,0.8762726450544929,0.37627264505449287,0.6363702416419983,0.1363702416419983,0.23990240341249458,Cc1ccc(OP(=O)(Oc2ccc(C)cc2)Oc2ccc(C)cc2)cc1,Cc1cccc(OP(=O)(Oc2cccc(C)c2)Oc2cccc(C)c2)c1,369.125,369.125,0.0,"[(63.0226, 0.01701701701701702), (65.0388, 0.6316316316316316), (77.0389, 0.21121121121121122), (79.0544, 0.13613613613613615), (90.0467, 0.01901901901901902), (91.0543, 0.7277277277277278), (107.0484, 0.0980980980980981), (108.0561, 0.02002002002002002), (109.0642, 0.014014014014014014), (115.0533, 0.026026026026026026), (141.0708, 0.03203203203203203), (152.062, 0.03203203203203203), (164.0618, 0.016016016016016016), (165.0699, 1.0), (166.0769, 0.14014014014014015), (178.0769, 0.06006006006006006), (179.0828, 0.02702702702702703), (181.0658, 0.043043043043043044), (195.0805, 0.08008008008008008), (196.0885, 0.06506506506506507), (239.0844, 0.03403403403403404), (240.0907, 0.01701701701701702), (241.1013, 0.018018018018018018), (243.0562, 0.03203203203203203), (255.1171, 0.013013013013013013)]","[(51.0232, 0.01701701701701702), (63.0235, 0.025025025025025027), (65.0388, 0.6776776776776777), (77.0383, 0.03903903903903904), (78.0458, 0.01001001001001001), (79.0544, 0.03003003003003003), (89.0391, 0.014014014014014014), (91.0543, 0.8808808808808809), (105.0338, 0.008008008008008008), (107.0491, 0.02702702702702703), (109.064, 0.016016016016016016), (115.0543, 0.026026026026026026), (127.0523, 0.007007007007007007), (128.061, 0.014014014014014014), (139.0521, 0.008008008008008008), (141.0694, 0.02702702702702703), (152.0613, 0.044044044044044044), (153.0088, 0.01001001001001001), (153.0682, 0.018018018018018018), (163.0541, 0.008008008008008008), (164.0613, 0.044044044044044044), (165.0699, 1.0), (166.0757, 0.1841841841841842), (167.0815, 0.01001001001001001), (178.0772, 0.1011011011011011), (179.0845, 0.037037037037037035), (181.0646, 0.04504504504504504), (182.0678, 0.008008008008008008), (195.0798, 0.13113113113113112), (196.0878, 0.06606606606606606), (197.0507, 0.007007007007007007), (197.0897, 0.007007007007007007), (200.0378, 0.007007007007007007), (213.0461, 0.011011011011011011), (215.0609, 0.007007007007007007), (215.085, 0.009009009009009009), (226.078, 0.009009009009009009), (239.0846, 0.037037037037037035), (240.0926, 0.013013013013013013), (241.1, 0.01901901901901902), (243.057, 0.015015015015015015), (255.1156, 0.013013013013013013)]"
MassSpecGymID0004784,MassSpecGymID0005444,1.0,0.8598915826428585,0.3598915826428585,0.6213200092315674,0.12132000923156738,0.2385715734112911,Cc1ccccc1OP(=O)(Oc1ccccc1C)Oc1ccccc1C,Cc1ccc(OP(=O)(Oc2ccc(C)cc2)Oc2ccc(C)cc2)cc1,369.125,369.125,0.0,"[(65.0385, 0.25425425425425424), (79.0537, 0.013013013013013013), (91.054, 1.0), (92.0576, 0.05105105105105105), (105.07, 0.012012012012012012), (107.0482, 0.06706706706706707), (121.0657, 0.01701701701701702), (141.0678, 0.01701701701701702), (152.06, 0.012012012012012012), (153.0092, 0.02902902902902903), (165.069, 0.45345345345345345), (166.0763, 0.2752752752752753), (167.0811, 0.021021021021021023), (178.0764, 0.11911911911911911), (179.0842, 0.0940940940940941), (180.0896, 0.011011011011011011), (181.0999, 0.016016016016016016), (182.0716, 0.014014014014014014), (197.0945, 0.018018018018018018), (241.1002, 0.023023023023023025), (255.1141, 0.011011011011011011), (279.077, 0.02002002002002002)]","[(57.0686, 0.006006006006006006), (63.0241, 0.01001001001001001), (65.0388, 0.24324324324324326), (77.0388, 0.07807807807807808), (79.0541, 0.15815815815815815), (90.0456, 0.018018018018018018), (91.0543, 1.0), (93.0707, 0.005005005005005005), (103.0548, 0.005005005005005005), (105.0697, 0.006006006006006006), (107.0489, 0.23023023023023023), (108.0564, 0.013013013013013013), (109.0633, 0.04104104104104104), (115.0541, 0.012012012012012012), (119.0841, 0.004004004004004004), (128.0634, 0.005005005005005005), (129.0689, 0.008008008008008008), (141.0695, 0.04504504504504504), (142.077, 0.006006006006006006), (152.0602, 0.015015015015015015), (153.01, 0.01901901901901902), (153.0689, 0.01901901901901902), (154.0152, 0.018018018018018018), (154.0748, 0.01001001001001001), (164.0607, 0.01001001001001001), (165.07, 0.9029029029029029), (166.0769, 0.5365365365365365), (167.0808, 0.06106106106106106), (171.0193, 0.01001001001001001), (177.07, 0.004004004004004004), (178.0768, 0.031031031031031032), (179.0851, 0.062062062062062065), (180.0922, 0.02702702702702703), (181.0631, 0.021021021021021023), (181.1008, 0.009009009009009009), (182.0693, 0.007007007007007007), (184.0877, 0.005005005005005005), (187.019, 0.008008008008008008), (189.0314, 0.014014014014014014), (190.0771, 0.005005005005005005), (195.0795, 0.03903903903903904), (196.0871, 0.15215215215215216), (200.0371, 0.007007007007007007), (215.0616, 0.016016016016016016), (216.0658, 0.006006006006006006), (240.0922, 0.03203203203203203), (241.1005, 0.06606606606606606), (242.1048, 0.013013013013013013), (243.057, 0.1841841841841842), (244.059, 0.022022022022022022), (255.1148, 0.026026026026026026), (256.1234, 0.04104104104104104), (257.1261, 0.006006006006006006), (261.0672, 0.015015015015015015), (279.078, 0.04704704704704705), (280.0807, 0.004004004004004004)]"
MassSpecGymID0005452,MassSpecGymID0008633,1.0,0.8762726450544929,0.37627264505449287,0.655319094657898,0.15531909465789795,0.22095355039659492,Cc1ccc(OP(=O)(Oc2ccc(C)cc2)Oc2ccc(C)cc2)cc1,Cc1cccc(OP(=O)(Oc2cccc(C)c2)Oc2cccc(C)c2)c1,369.125,369.125,0.0,"[(65.0393, 0.06906906906906907), (77.0389, 0.025025025025025027), (79.0538, 0.07007007007007007), (91.0543, 0.4964964964964965), (92.058, 0.021021021021021023), (105.0691, 0.013013013013013013), (107.0488, 0.3163163163163163), (108.0542, 0.018018018018018018), (109.0647, 0.031031031031031032), (141.0702, 0.037037037037037035), (153.0083, 0.021021021021021023), (153.0706, 0.05905905905905906), (154.0177, 0.02002002002002002), (165.0695, 0.5015015015015015), (166.0773, 0.8968968968968969), (167.0814, 0.057057057057057055), (171.0183, 0.014014014014014014), (178.0758, 0.012012012012012012), (179.0852, 0.07007007007007007), (180.0936, 0.042042042042042045), (181.1013, 0.14914914914914915), (182.1046, 0.022022022022022022), (189.0301, 0.036036036036036036), (196.0877, 0.057057057057057055), (197.0947, 0.01901901901901902), (199.112, 0.036036036036036036), (215.0615, 0.01701701701701702), (229.0984, 0.016016016016016016), (241.1016, 0.055055055055055056), (243.0567, 0.6046046046046046), (244.0608, 0.05005005005005005), (255.1157, 0.04804804804804805), (256.1237, 0.16516516516516516), (257.1267, 0.022022022022022022), (261.0671, 0.2032032032032032), (262.0697, 0.03003003003003003), (271.1498, 0.016016016016016016), (279.0774, 0.2672672672672673), (280.0822, 0.021021021021021023), (351.112, 0.013013013013013013), (369.1247, 1.0)]","[(65.0386, 0.08608608608608609), (79.0531, 0.01701701701701702), (91.0543, 0.8038038038038038), (92.0577, 0.035035035035035036), (98.9841, 0.01901901901901902), (105.07, 0.01701701701701702), (107.0489, 0.1091091091091091), (109.0646, 0.042042042042042045), (115.0544, 0.011011011011011011), (137.0143, 0.01001001001001001), (141.0694, 0.042042042042042045), (153.0705, 0.0990990990990991), (154.0738, 0.016016016016016016), (165.0696, 0.6096096096096096), (166.0773, 1.0), (167.0811, 0.0920920920920921), (169.0954, 0.012012012012012012), (178.078, 0.028028028028028028), (179.0855, 0.11811811811811812), (180.0922, 0.04004004004004004), (181.1015, 0.2032032032032032), (182.1045, 0.02002002002002002), (189.0297, 0.05205205205205205), (193.0987, 0.011011011011011011), (194.0707, 0.012012012012012012), (195.0787, 0.01001001001001001), (196.0884, 0.10810810810810811), (197.0954, 0.03403403403403404), (199.1108, 0.06406406406406406), (215.0638, 0.009009009009009009), (215.0835, 0.012012012012012012), (226.076, 0.009009009009009009), (229.0996, 0.014014014014014014), (239.0835, 0.021021021021021023), (241.1008, 0.04604604604604605), (243.0569, 0.5665665665665666), (244.0592, 0.031031031031031032), (255.1144, 0.05205205205205205), (256.049, 0.011011011011011011), (256.1238, 0.16716716716716717), (257.1306, 0.01901901901901902), (261.0671, 0.20520520520520522), (262.0701, 0.02902902902902903), (271.1457, 0.011011011011011011), (279.0782, 0.23923923923923923), (280.0818, 0.01901901901901902), (333.1071, 0.01001001001001001), (369.1251, 0.9209209209209209)]"
MassSpecGymID0005448,MassSpecGymID0008637,1.0,0.8762726450544929,0.37627264505449287,0.6624352335929871,0.16243523359298706,0.2138374114615058,Cc1ccc(OP(=O)(Oc2ccc(C)cc2)Oc2ccc(C)cc2)cc1,Cc1cccc(OP(=O)(Oc2cccc(C)c2)Oc2cccc(C)c2)c1,369.125,369.125,0.0,"[(51.0224, 0.011011011011011011), (63.0235, 0.01901901901901902), (65.0388, 0.5395395395395396), (77.039, 0.16216216216216217), (79.0542, 0.15915915915915915), (89.0386, 0.005005005005005005), (90.0467, 0.03203203203203203), (91.0545, 0.9369369369369369), (92.0577, 0.036036036036036036), (107.0489, 0.13113113113113112), (108.0576, 0.016016016016016016), (109.0632, 0.01001001001001001), (115.0536, 0.013013013013013013), (139.0521, 0.007007007007007007), (141.0691, 0.02702702702702703), (142.079, 0.015015015015015015), (143.0841, 0.005005005005005005), (152.0622, 0.037037037037037035), (153.0093, 0.021021021021021023), (153.0705, 0.008008008008008008), (154.0779, 0.006006006006006006), (155.0225, 0.006006006006006006), (164.0624, 0.016016016016016016), (165.0699, 1.0), (166.0768, 0.25925925925925924), (167.0828, 0.016016016016016016), (178.0765, 0.037037037037037035), (179.0859, 0.037037037037037035), (180.0906, 0.011011011011011011), (181.0639, 0.028028028028028028), (181.0975, 0.004004004004004004), (182.0698, 0.007007007007007007), (195.0801, 0.10510510510510511), (196.0877, 0.1031031031031031), (200.0386, 0.01001001001001001), (215.0623, 0.01901901901901902), (226.0767, 0.008008008008008008), (239.0867, 0.01701701701701702), (240.093, 0.014014014014014014), (241.102, 0.01701701701701702), (243.0573, 0.042042042042042045), (244.0576, 0.004004004004004004), (254.1123, 0.004004004004004004), (255.1181, 0.018018018018018018), (256.1216, 0.01001001001001001), (279.0746, 0.005005005005005005)]","[(63.0225, 0.025025025025025027), (65.0389, 0.5675675675675675), (77.0383, 0.02702702702702703), (79.0535, 0.021021021021021023), (91.0546, 0.9409409409409409), (92.0577, 0.04004004004004004), (107.0493, 0.04604604604604605), (109.0638, 0.011011011011011011), (115.0545, 0.02702702702702703), (141.0696, 0.02002002002002002), (151.0545, 0.011011011011011011), (152.0628, 0.01901901901901902), (153.0091, 0.015015015015015015), (153.0696, 0.026026026026026026), (164.0617, 0.024024024024024024), (165.0698, 1.0), (166.0767, 0.25825825825825827), (167.0813, 0.021021021021021023), (176.0596, 0.009009009009009009), (178.0773, 0.056056056056056056), (179.0838, 0.042042042042042045), (180.0927, 0.015015015015015015), (181.065, 0.035035035035035036), (182.0693, 0.009009009009009009), (195.0802, 0.1021021021021021), (196.0878, 0.0990990990990991), (200.0379, 0.018018018018018018), (215.063, 0.01001001001001001), (239.0847, 0.02002002002002002), (240.0933, 0.03003003003003003), (241.1016, 0.028028028028028028), (243.0578, 0.03203203203203203), (255.1151, 0.031031031031031032)]"
MassSpecGymID0231105,MassSpecGymID0232886,1.0,0.8909640025784462,0.3909640025784462,0.6868594884872437,0.18685948848724365,0.20410451409120256,CNc1nnc(SCc2ccccc2)s1,CC(C)c1cnn2c(NCc3ccccc3)cc(NCC3CCNCC3O)nc12,238.04671,395.25539,157.20868,"[(44.979267, 0.0028299999999999996), (57.044598, 0.01391), (62.005791, 0.01118), (63.023045, 0.00124), (65.038445, 0.0489), (73.993141, 0.005869999999999999), (74.005745, 0.00379), (89.016548, 0.0018), (91.054039, 1.0), (91.060043, 0.01188), (91.0644, 0.01291), (91.067215, 0.00958), (91.071358, 0.0039900000000000005), (91.078972, 0.0013800000000000002), (106.064735, 0.00104), (146.992401, 0.00099)]","[(91.05407, 1.0), (94.064949, 0.03295), (95.073227, 0.02701), (96.080627, 0.20379999999999998), (114.091248, 0.21637), (176.093399, 0.05592), (192.12468, 0.0371), (266.140991, 0.03828), (282.172516, 0.05348)]"
MassSpecGymID0217267,MassSpecGymID0237311,1.0,0.855603015826461,0.35560301582646103,0.6619137525558472,0.16191375255584717,0.19368926327061387,N#Cc1nc(-c2cccc3ccccc23)oc1N1CCN(Cc2ccc3c(c2)OCO3)CC1,Clc1ccc2ncnc(NCc3ccc4c(c3)OCO4)c2c1,439.17647,314.06908,125.10739000000001,"[(77.039101, 0.00154), (135.043549, 1.0), (135.054733, 0.0176), (135.061966, 0.01283), (135.067459, 0.00935), (135.074677, 0.00415), (136.047043, 0.00411), (161.09552, 0.00192), (180.101639, 0.00187), (232.169708, 0.00153), (246.185028, 0.00229), (260.163788, 0.00263), (274.179321, 0.0028100000000000004), (303.123352, 0.00159), (325.097015, 0.01362), (412.164185, 0.0024), (439.175323, 0.00247)]","[(79.021004, 0.00528), (135.030334, 0.0034200000000000003), (135.043686, 1.0), (135.054794, 0.01702), (135.062057, 0.01266), (135.067642, 0.00922), (192.033173, 0.00314), (314.069672, 0.11368)]"
MassSpecGymID0005450,MassSpecGymID0008628,1.0,0.8762726450544929,0.37627264505449287,0.6934910416603088,0.19349104166030884,0.18278160339418403,Cc1ccc(OP(=O)(Oc2ccc(C)cc2)Oc2ccc(C)cc2)cc1,Cc1cccc(OP(=O)(Oc2cccc(C)c2)Oc2cccc(C)c2)c1,369.125,369.125,0.0,"[(91.0544, 0.014014014014014014), (107.0487, 0.004004004004004004), (165.0693, 0.016016016016016016), (166.0775, 0.02002002002002002), (181.1001, 0.006006006006006006), (196.087, 0.004004004004004004), (243.0554, 0.013013013013013013), (261.0667, 0.013013013013013013), (279.0797, 0.003003003003003003), (369.1245, 1.0)]","[(91.0539, 0.016016016016016016), (107.0489, 0.003003003003003003), (165.0687, 0.011011011011011011), (166.0775, 0.024024024024024024), (179.0843, 0.003003003003003003), (181.1007, 0.008008008008008008), (189.0303, 0.003003003003003003), (243.057, 0.012012012012012012), (256.1243, 0.008008008008008008), (261.0669, 0.011011011011011011), (279.0769, 0.007007007007007007), (369.1249, 1.0)]"
MassSpecGymID0018693,MassSpecGymID0023783,1.0,0.8686162552139625,0.36861625521396246,0.6869763731956482,0.1869763731956482,0.18163988201831427,Cc1cccc(C)c1N(Cn1cccn1)C(=O)C[S+](C)[O-],Cc1cccc(C)c1N(Cn1cccn1)C(=O)C(=O)O,306.1271,274.1186,32.00849999999997,"[(117.0565, 0.01306803), (118.0638, 0.00847546), (119.0718, 0.00678941), (132.0795, 0.07630624), (133.0857, 0.01398563), (134.0953, 1.0), (135.0984, 0.09877637), (156.0793, 0.0192246), (160.074, 0.010988709999999999), (175.0971, 0.006400670000000001)]","[(117.0559, 0.10418904), (118.0637, 0.34693878), (119.0727, 0.16004296), (132.0797, 0.27497315), (134.0955, 1.0)]"
MassSpecGymID0217265,MassSpecGymID0237309,1.0,0.855603015826461,0.35560301582646103,0.6971094012260437,0.1971094012260437,0.15849361460041733,N#Cc1nc(-c2cccc3ccccc23)oc1N1CCN(Cc2ccc3c(c2)OCO3)CC1,Clc1ccc2ncnc(NCc3ccc4c(c3)OCO4)c2c1,439.17647,314.06908,125.10739000000001,"[(50.015038, 0.0013700000000000001), (51.022823, 0.005659999999999999), (53.038265, 0.00271), (65.03833, 0.00155), (67.053795, 0.00185), (77.038246, 0.01418), (79.05378, 0.04724999999999999), (95.048706, 0.02866), (105.025986, 0.00135), (105.033058, 0.02157), (105.044235, 0.009559999999999999), (107.048615, 0.00203), (135.043503, 1.0), (135.05481, 0.01691), (135.061905, 0.014190000000000001), (135.067154, 0.00872), (135.074677, 0.00419), (135.08136, 0.00213), (136.046844, 0.0046700000000000005), (161.09552, 0.01774), (173.541992, 0.00198), (298.086151, 0.00147), (325.09613, 0.00338)]","[(51.023026, 0.00647), (53.038513, 0.0040100000000000005), (58.960506, 0.0027400000000000002), (67.054115, 0.00442), (77.038528, 0.01621), (79.021408, 0.00261), (79.0541, 0.08842), (95.049034, 0.06937), (105.033424, 0.03712), (105.044601, 0.01188), (107.049286, 0.00294), (135.044113, 1.0), (135.063324, 0.00822), (135.06839, 0.00842), (135.07489, 0.00357)]"
